[06Feb2026 23:11:25.255] [main/INFO] [cpw.mods.modlauncher.Launcher/MODLAUNCHER]: ModLauncher running: args [--gameDir, ., --launchTarget, fmlserver, --fml.forgeVersion, 36.2.34, --fml.mcpVersion, 20210115.111550, --fml.mcVersion, 1.16.5, --fml.forgeGroup, net.minecraftforge]
[06Feb2026 23:11:25.259] [main/INFO] [cpw.mods.modlauncher.Launcher/MODLAUNCHER]: ModLauncher 8.1.3+8.1.3+main-8.1.x.c94d18ec starting: java version 1.8.0_312 by Temurin
[06Feb2026 23:11:25.274] [main/DEBUG] [cpw.mods.modlauncher.LaunchServiceHandler/MODLAUNCHER]: Found launch services [minecraft,testharness,fmlclient,fmlserver]
[06Feb2026 23:11:25.325] [main/DEBUG] [cpw.mods.modlauncher.NameMappingServiceHandler/MODLAUNCHER]: Found naming services : []
[06Feb2026 23:11:25.413] [main/DEBUG] [cpw.mods.modlauncher.LaunchPluginHandler/MODLAUNCHER]: Found launch plugins: [mixin,eventbus,object_holder_definalize,runtime_enum_extender,accesstransformer,capability_inject_definalize,runtimedistcleaner]
[06Feb2026 23:11:25.430] [main/DEBUG] [cpw.mods.modlauncher.TransformationServicesHandler/MODLAUNCHER]: Discovering transformation services
[06Feb2026 23:11:26.712] [main/DEBUG] [cpw.mods.modlauncher.TransformationServicesHandler/MODLAUNCHER]: Found additional transformation services from discovery services: []
[06Feb2026 23:11:26.746] [main/DEBUG] [cpw.mods.modlauncher.TransformationServicesHandler/MODLAUNCHER]: Found transformer services : [mixin,fml]
[06Feb2026 23:11:26.747] [main/DEBUG] [cpw.mods.modlauncher.TransformationServicesHandler/MODLAUNCHER]: Transformation services loading
[06Feb2026 23:11:26.749] [main/DEBUG] [cpw.mods.modlauncher.TransformationServiceDecorator/MODLAUNCHER]: Loading service mixin
[06Feb2026 23:11:26.749] [main/DEBUG] [cpw.mods.modlauncher.TransformationServiceDecorator/MODLAUNCHER]: Loaded service mixin
[06Feb2026 23:11:26.749] [main/DEBUG] [cpw.mods.modlauncher.TransformationServiceDecorator/MODLAUNCHER]: Loading service fml
[06Feb2026 23:11:26.749] [main/DEBUG] [net.minecraftforge.fml.loading.FMLServiceProvider/]: Injecting tracing printstreams for STDOUT/STDERR.
[06Feb2026 23:11:26.753] [main/DEBUG] [net.minecraftforge.fml.loading.LauncherVersion/CORE]: Found FMLLauncher version 36.2
[06Feb2026 23:11:26.753] [main/DEBUG] [net.minecraftforge.fml.loading.FMLLoader/CORE]: FML 36.2 loading
[06Feb2026 23:11:26.753] [main/DEBUG] [net.minecraftforge.fml.loading.FMLLoader/CORE]: FML found ModLauncher version : 8.1.3+8.1.3+main-8.1.x.c94d18ec
[06Feb2026 23:11:26.753] [main/DEBUG] [net.minecraftforge.fml.loading.FMLLoader/CORE]: Initializing modjar URL handler
[06Feb2026 23:11:26.754] [main/DEBUG] [net.minecraftforge.fml.loading.FMLLoader/CORE]: FML found AccessTransformer version : 3.0.1+61+master.47bca0e
[06Feb2026 23:11:26.754] [main/DEBUG] [net.minecraftforge.fml.loading.FMLLoader/CORE]: FML found EventBus version : 4.0.0+65+master.6080a3f
[06Feb2026 23:11:26.755] [main/DEBUG] [net.minecraftforge.fml.loading.FMLLoader/CORE]: Found Runtime Dist Cleaner
[06Feb2026 23:11:26.758] [main/DEBUG] [net.minecraftforge.fml.loading.FMLLoader/CORE]: FML found CoreMod version : 4.0.6+14+master.c21a551
[06Feb2026 23:11:26.758] [main/DEBUG] [net.minecraftforge.fml.loading.FMLLoader/CORE]: Found ForgeSPI package implementation version 3.2.0+13+master.8ddb2cc
[06Feb2026 23:11:26.758] [main/DEBUG] [net.minecraftforge.fml.loading.FMLLoader/CORE]: Found ForgeSPI package specification 3
[06Feb2026 23:11:26.889] [main/INFO] [net.minecraftforge.fml.loading.FixSSL/CORE]: Added Lets Encrypt root certificates as additional trust
[06Feb2026 23:11:26.890] [main/DEBUG] [cpw.mods.modlauncher.TransformationServiceDecorator/MODLAUNCHER]: Loaded service fml
[06Feb2026 23:11:26.913] [main/DEBUG] [cpw.mods.modlauncher.TransformationServicesHandler/MODLAUNCHER]: Configuring option handling for services
[06Feb2026 23:11:26.936] [main/DEBUG] [cpw.mods.modlauncher.TransformationServicesHandler/MODLAUNCHER]: Transformation services initializing
[06Feb2026 23:11:26.936] [main/DEBUG] [cpw.mods.modlauncher.TransformationServiceDecorator/MODLAUNCHER]: Initializing transformation service mixin
[06Feb2026 23:11:27.012] [main/DEBUG] [mixin/]: Mixin bootstrap service org.spongepowered.asm.service.mojang.MixinServiceLaunchWrapperBootstrap is not available: LaunchWrapper is not available
[06Feb2026 23:11:27.013] [main/DEBUG] [mixin/]: MixinService [ModLauncher] was successfully booted in sun.misc.Launcher$AppClassLoader@18b4aac2
[06Feb2026 23:11:27.157] [main/INFO] [mixin/]: SpongePowered MIXIN Subsystem Version=0.8.4 Source=file:/data/libraries/org/spongepowered/mixin/0.8.4/mixin-0.8.4.jar Service=ModLauncher Env=SERVER
[06Feb2026 23:11:27.177] [main/DEBUG] [mixin/]: Initialising Mixin Platform Manager
[06Feb2026 23:11:27.177] [main/DEBUG] [mixin/]: Adding mixin platform agents for container ModLauncher Root Container(ModLauncher:4f56a0a2)
[06Feb2026 23:11:27.178] [main/DEBUG] [mixin/]: Instancing new MixinPlatformAgentMinecraftForge for ModLauncher Root Container(ModLauncher:4f56a0a2)
[06Feb2026 23:11:27.178] [main/DEBUG] [mixin/]: MixinPlatformAgentMinecraftForge rejected container ModLauncher Root Container(ModLauncher:4f56a0a2)
[06Feb2026 23:11:27.179] [main/DEBUG] [mixin/]: Instancing new MixinPlatformAgentDefault for ModLauncher Root Container(ModLauncher:4f56a0a2)
[06Feb2026 23:11:27.179] [main/DEBUG] [mixin/]: MixinPlatformAgentDefault accepted container ModLauncher Root Container(ModLauncher:4f56a0a2)
[06Feb2026 23:11:27.192] [main/DEBUG] [cpw.mods.modlauncher.TransformationServiceDecorator/MODLAUNCHER]: Initialized transformation service mixin
[06Feb2026 23:11:27.192] [main/DEBUG] [cpw.mods.modlauncher.TransformationServiceDecorator/MODLAUNCHER]: Initializing transformation service fml
[06Feb2026 23:11:27.192] [main/DEBUG] [net.minecraftforge.fml.loading.FMLServiceProvider/CORE]: Setting up basic FML game directories
[06Feb2026 23:11:27.194] [main/DEBUG] [net.minecraftforge.fml.loading.FileUtils/CORE]: Found existing GAMEDIR directory : /data
[06Feb2026 23:11:27.194] [main/DEBUG] [net.minecraftforge.fml.loading.FMLPaths/CORE]: Path GAMEDIR is /data
[06Feb2026 23:11:27.195] [main/DEBUG] [net.minecraftforge.fml.loading.FileUtils/CORE]: Found existing MODSDIR directory : /data/mods
[06Feb2026 23:11:27.195] [main/DEBUG] [net.minecraftforge.fml.loading.FMLPaths/CORE]: Path MODSDIR is /data/mods
[06Feb2026 23:11:27.195] [main/DEBUG] [net.minecraftforge.fml.loading.FileUtils/CORE]: Found existing CONFIGDIR directory : /data/config
[06Feb2026 23:11:27.195] [main/DEBUG] [net.minecraftforge.fml.loading.FMLPaths/CORE]: Path CONFIGDIR is /data/config
[06Feb2026 23:11:27.195] [main/DEBUG] [net.minecraftforge.fml.loading.FMLPaths/CORE]: Path FMLCONFIG is /data/config/fml.toml
[06Feb2026 23:11:27.195] [main/DEBUG] [net.minecraftforge.fml.loading.FMLServiceProvider/CORE]: Loading configuration
[06Feb2026 23:11:27.283] [main/DEBUG] [net.minecraftforge.fml.loading.FileUtils/CORE]: Found existing default config directory directory : /data/defaultconfigs
[06Feb2026 23:11:27.283] [main/DEBUG] [net.minecraftforge.fml.loading.FMLServiceProvider/CORE]: Preparing ModFile
[06Feb2026 23:11:27.286] [main/DEBUG] [net.minecraftforge.fml.loading.FMLServiceProvider/CORE]: Preparing launch handler
[06Feb2026 23:11:27.287] [main/DEBUG] [net.minecraftforge.fml.loading.FMLLoader/CORE]: Using fmlserver as launch service
[06Feb2026 23:11:27.330] [main/DEBUG] [net.minecraftforge.fml.loading.FMLLoader/CORE]: Received command line version data  : MC Version: '1.16.5' MCP Version: '20210115.111550' Forge Version: '36.2.34' Forge group: 'net.minecraftforge'
[06Feb2026 23:11:27.331] [main/DEBUG] [net.minecraftforge.fml.loading.LibraryFinder/CORE]: Found JAR asm at path /data/libraries/org/ow2/asm/asm/9.1/asm-9.1.jar
[06Feb2026 23:11:27.331] [main/DEBUG] [net.minecraftforge.fml.loading.LibraryFinder/CORE]: Found probable library path /data/libraries
[06Feb2026 23:11:27.331] [main/DEBUG] [net.minecraftforge.fml.loading.LibraryFinder/CORE]: Found forge path /data/libraries/net/minecraftforge/forge/1.16.5-36.2.34/forge-1.16.5-36.2.34-universal.jar is present
[06Feb2026 23:11:27.332] [main/DEBUG] [net.minecraftforge.fml.loading.LibraryFinder/CORE]: SRG MC at /data/libraries/net/minecraft/server/1.16.5-20210115.111550/server-1.16.5-20210115.111550-srg.jar is present
[06Feb2026 23:11:27.332] [main/DEBUG] [net.minecraftforge.fml.loading.LibraryFinder/CORE]: MC Extras at /data/libraries/net/minecraft/server/1.16.5-20210115.111550/server-1.16.5-20210115.111550-extra.jar is present
[06Feb2026 23:11:27.332] [main/DEBUG] [net.minecraftforge.fml.loading.LibraryFinder/CORE]: Forge patches at /data/libraries/net/minecraftforge/forge/1.16.5-36.2.34/forge-1.16.5-36.2.34-server.jar is present
[06Feb2026 23:11:27.341] [main/DEBUG] [net.minecraftforge.fml.loading.LanguageLoadingProvider/CORE]: Found 0 language providers
[06Feb2026 23:11:27.342] [main/DEBUG] [net.minecraftforge.fml.loading.LanguageLoadingProvider/CORE]: Adding forge as a language from /data/libraries/net/minecraftforge/forge/1.16.5-36.2.34/forge-1.16.5-36.2.34-universal.jar
[06Feb2026 23:11:27.350] [main/DEBUG] [net.minecraftforge.fml.loading.LanguageLoadingProvider/CORE]: Adding file:/data/libraries/net/minecraftforge/forge/1.16.5-36.2.34/forge-1.16.5-36.2.34-universal.jar to languageloader classloader
[06Feb2026 23:11:27.413] [main/DEBUG] [net.minecraftforge.fml.loading.LanguageLoadingProvider/CORE]: Found 2 language providers
[06Feb2026 23:11:27.413] [main/DEBUG] [net.minecraftforge.fml.loading.LanguageLoadingProvider/CORE]: Found language provider javafml, version 36.2
[06Feb2026 23:11:27.463] [main/DEBUG] [net.minecraftforge.fml.loading.LanguageLoadingProvider/CORE]: Found language provider minecraft, version 1
[06Feb2026 23:11:27.465] [main/DEBUG] [cpw.mods.modlauncher.TransformationServiceDecorator/MODLAUNCHER]: Initialized transformation service fml
[06Feb2026 23:11:27.465] [main/DEBUG] [cpw.mods.modlauncher.NameMappingServiceHandler/MODLAUNCHER]: Current naming domain is 'srg'
[06Feb2026 23:11:27.466] [main/DEBUG] [cpw.mods.modlauncher.NameMappingServiceHandler/MODLAUNCHER]: Identified name mapping providers {}
[06Feb2026 23:11:27.466] [main/DEBUG] [cpw.mods.modlauncher.TransformationServicesHandler/MODLAUNCHER]: Transformation services begin scanning
[06Feb2026 23:11:27.467] [main/DEBUG] [cpw.mods.modlauncher.TransformationServiceDecorator/MODLAUNCHER]: Beginning scan trigger - transformation service mixin
[06Feb2026 23:11:27.467] [main/DEBUG] [cpw.mods.modlauncher.TransformationServiceDecorator/MODLAUNCHER]: End scan trigger - transformation service mixin
[06Feb2026 23:11:27.467] [main/DEBUG] [cpw.mods.modlauncher.TransformationServiceDecorator/MODLAUNCHER]: Beginning scan trigger - transformation service fml
[06Feb2026 23:11:27.467] [main/DEBUG] [net.minecraftforge.fml.loading.FMLServiceProvider/CORE]: Initiating mod scan
[06Feb2026 23:11:27.485] [main/DEBUG] [net.minecraftforge.fml.loading.moddiscovery.ModListHandler/CORE]: Found mod coordinates from lists: []
[06Feb2026 23:11:27.540] [main/DEBUG] [net.minecraftforge.fml.loading.moddiscovery.ModDiscoverer/CORE]: Found Mod Locators : (mods folder:null),(maven libs:null),(exploded directory:null),(minecraft:null)
[06Feb2026 23:11:27.856] [main/DEBUG] [net.minecraftforge.fml.loading.moddiscovery.ModFileParser/LOADING]: Considering mod file candidate /data/mods/abnormals_core-1.16.5-3.3.0.jar
[06Feb2026 23:11:27.991] [main/DEBUG] [net.minecraftforge.fml.loading.moddiscovery.ModFileInfo/LOADING]: Found valid mod file abnormals_core-1.16.5-3.3.0.jar with {abnormals_core} mods - versions {3.3.0}
[06Feb2026 23:11:27.991] [main/DEBUG] [net.minecraftforge.fml.loading.moddiscovery.ModFile/LOADING]: Loading mod file /data/mods/abnormals_core-1.16.5-3.3.0.jar with language javafml
[06Feb2026 23:11:27.992] [main/DEBUG] [net.minecraftforge.fml.loading.moddiscovery.ModFileParser/LOADING]: Considering mod file candidate /data/mods/architectury-1.32.66.jar
[06Feb2026 23:11:27.998] [main/DEBUG] [net.minecraftforge.fml.loading.moddiscovery.ModFileInfo/LOADING]: Found valid mod file architectury-1.32.66.jar with {architectury} mods - versions {1.32.66}
[06Feb2026 23:11:27.999] [main/DEBUG] [net.minecraftforge.fml.loading.moddiscovery.ModFile/LOADING]: Loading mod file /data/mods/architectury-1.32.66.jar with language javafml
[06Feb2026 23:11:27.999] [main/DEBUG] [net.minecraftforge.fml.loading.moddiscovery.ModFileParser/LOADING]: Considering mod file candidate /data/mods/autumnity-1.16.5-2.1.2.jar
[06Feb2026 23:11:28.007] [main/DEBUG] [net.minecraftforge.fml.loading.moddiscovery.ModFileInfo/LOADING]: Found valid mod file autumnity-1.16.5-2.1.2.jar with {autumnity} mods - versions {2.1.2}
[06Feb2026 23:11:28.007] [main/DEBUG] [net.minecraftforge.fml.loading.moddiscovery.ModFile/LOADING]: Loading mod file /data/mods/autumnity-1.16.5-2.1.2.jar with language javafml
[06Feb2026 23:11:28.008] [main/DEBUG] [net.minecraftforge.fml.loading.moddiscovery.ModFileParser/LOADING]: Considering mod file candidate /data/mods/backpacked-2.0.3-mc1.16.5.jar
[06Feb2026 23:11:28.009] [main/DEBUG] [net.minecraftforge.fml.loading.moddiscovery.ModFileInfo/LOADING]: Found valid mod file backpacked-2.0.3-mc1.16.5.jar with {backpacked} mods - versions {2.0.3}
[06Feb2026 23:11:28.009] [main/DEBUG] [net.minecraftforge.fml.loading.moddiscovery.ModFile/LOADING]: Loading mod file /data/mods/backpacked-2.0.3-mc1.16.5.jar with language javafml
[06Feb2026 23:11:28.009] [main/DEBUG] [net.minecraftforge.fml.loading.moddiscovery.ModFileParser/LOADING]: Considering mod file candidate /data/mods/bamboo_blocks-1.16.5-3.0.1.jar
[06Feb2026 23:11:28.011] [main/DEBUG] [net.minecraftforge.fml.loading.moddiscovery.ModFileInfo/LOADING]: Found valid mod file bamboo_blocks-1.16.5-3.0.1.jar with {bamboo_blocks} mods - versions {3.0.1}
[06Feb2026 23:11:28.011] [main/DEBUG] [net.minecraftforge.fml.loading.moddiscovery.ModFile/LOADING]: Loading mod file /data/mods/bamboo_blocks-1.16.5-3.0.1.jar with language javafml
[06Feb2026 23:11:28.011] [main/DEBUG] [net.minecraftforge.fml.loading.moddiscovery.ModFileParser/LOADING]: Considering mod file candidate /data/mods/betteranimalsplus-1.16.5-11.0.8-forge.jar
[06Feb2026 23:11:28.013] [main/DEBUG] [net.minecraftforge.fml.loading.moddiscovery.ModFileInfo/LOADING]: Found valid mod file betteranimalsplus-1.16.5-11.0.8-forge.jar with {betteranimalsplus} mods - versions {1.16.5-11.0.8}
[06Feb2026 23:11:28.014] [main/DEBUG] [net.minecraftforge.fml.loading.moddiscovery.ModFile/LOADING]: Loading mod file /data/mods/betteranimalsplus-1.16.5-11.0.8-forge.jar with language javafml
[06Feb2026 23:11:28.014] [main/DEBUG] [net.minecraftforge.fml.loading.moddiscovery.ModFileParser/LOADING]: Considering mod file candidate /data/mods/BiomesOPlenty-1.16.5-13.1.0.477-universal.jar
[06Feb2026 23:11:28.015] [main/DEBUG] [net.minecraftforge.fml.loading.moddiscovery.ModFileInfo/LOADING]: Found valid mod file BiomesOPlenty-1.16.5-13.1.0.477-universal.jar with {biomesoplenty} mods - versions {1.16.5-13.1.0.477}
[06Feb2026 23:11:28.015] [main/DEBUG] [net.minecraftforge.fml.loading.moddiscovery.ModFile/LOADING]: Loading mod file /data/mods/BiomesOPlenty-1.16.5-13.1.0.477-universal.jar with language javafml
[06Feb2026 23:11:28.015] [main/DEBUG] [net.minecraftforge.fml.loading.moddiscovery.ModFileParser/LOADING]: Considering mod file candidate /data/mods/Borealis-1.1.6.jar
[06Feb2026 23:11:28.016] [main/DEBUG] [net.minecraftforge.fml.loading.moddiscovery.ModFileInfo/LOADING]: Found valid mod file Borealis-1.1.6.jar with {borealis} mods - versions {1.1.6}
[06Feb2026 23:11:28.016] [main/DEBUG] [net.minecraftforge.fml.loading.moddiscovery.ModFile/LOADING]: Loading mod file /data/mods/Borealis-1.1.6.jar with language javafml
[06Feb2026 23:11:28.016] [main/DEBUG] [net.minecraftforge.fml.loading.moddiscovery.ModFileParser/LOADING]: Considering mod file candidate /data/mods/buildinggadgets-1.16.5-3.8.0.jar
[06Feb2026 23:11:28.018] [main/DEBUG] [net.minecraftforge.fml.loading.moddiscovery.ModFileInfo/LOADING]: Found valid mod file buildinggadgets-1.16.5-3.8.0.jar with {buildinggadgets} mods - versions {3.8.0}
[06Feb2026 23:11:28.018] [main/DEBUG] [net.minecraftforge.fml.loading.moddiscovery.ModFile/LOADING]: Loading mod file /data/mods/buildinggadgets-1.16.5-3.8.0.jar with language javafml
[06Feb2026 23:11:28.018] [main/DEBUG] [net.minecraftforge.fml.loading.moddiscovery.ModFileParser/LOADING]: Considering mod file candidate /data/mods/C.M.A_Transport_Pack _v.3.1-1.16.5.jar
[06Feb2026 23:11:28.020] [main/DEBUG] [net.minecraftforge.fml.loading.moddiscovery.ModFileInfo/LOADING]: Found valid mod file C.M.A_Transport_Pack _v.3.1-1.16.5.jar with {cmacars} mods - versions {V1.0}
[06Feb2026 23:11:28.020] [main/DEBUG] [net.minecraftforge.fml.loading.moddiscovery.ModFile/LOADING]: Loading mod file /data/mods/C.M.A_Transport_Pack _v.3.1-1.16.5.jar with language javafml
[06Feb2026 23:11:28.020] [main/DEBUG] [net.minecraftforge.fml.loading.moddiscovery.ModFileParser/LOADING]: Considering mod file candidate /data/mods/catalogue-1.6.1-1.16.5.jar
[06Feb2026 23:11:28.026] [main/DEBUG] [net.minecraftforge.fml.loading.moddiscovery.ModFileInfo/LOADING]: Found valid mod file catalogue-1.6.1-1.16.5.jar with {catalogue} mods - versions {1.6.1}
[06Feb2026 23:11:28.026] [main/DEBUG] [net.minecraftforge.fml.loading.moddiscovery.ModFile/LOADING]: Loading mod file /data/mods/catalogue-1.6.1-1.16.5.jar with language javafml
[06Feb2026 23:11:28.026] [main/DEBUG] [net.minecraftforge.fml.loading.moddiscovery.ModFileParser/LOADING]: Considering mod file candidate /data/mods/cc-tweaked-1.16.4-1.95.3.jar
[06Feb2026 23:11:28.027] [main/DEBUG] [net.minecraftforge.fml.loading.moddiscovery.ModFileInfo/LOADING]: Found valid mod file cc-tweaked-1.16.4-1.95.3.jar with {computercraft} mods - versions {1.95.3}
[06Feb2026 23:11:28.027] [main/DEBUG] [net.minecraftforge.fml.loading.moddiscovery.ModFile/LOADING]: Loading mod file /data/mods/cc-tweaked-1.16.4-1.95.3.jar with language javafml
[06Feb2026 23:11:28.028] [main/DEBUG] [net.minecraftforge.fml.loading.moddiscovery.ModFileParser/LOADING]: Considering mod file candidate /data/mods/cfm-7.0.0pre22-1.16.3.jar
[06Feb2026 23:11:28.029] [main/DEBUG] [net.minecraftforge.fml.loading.moddiscovery.ModFileInfo/LOADING]: Found valid mod file cfm-7.0.0pre22-1.16.3.jar with {cfm} mods - versions {7.0.0-pre22}
[06Feb2026 23:11:28.029] [main/DEBUG] [net.minecraftforge.fml.loading.moddiscovery.ModFile/LOADING]: Loading mod file /data/mods/cfm-7.0.0pre22-1.16.3.jar with language javafml
[06Feb2026 23:11:28.029] [main/DEBUG] [net.minecraftforge.fml.loading.moddiscovery.ModFileParser/LOADING]: Considering mod file candidate /data/mods/comforts-forge-1.16.5-4.0.1.5.jar
[06Feb2026 23:11:28.030] [main/DEBUG] [net.minecraftforge.fml.loading.moddiscovery.ModFileInfo/LOADING]: Found valid mod file comforts-forge-1.16.5-4.0.1.5.jar with {comforts} mods - versions {1.16.5-4.0.1.5}
[06Feb2026 23:11:28.031] [main/DEBUG] [net.minecraftforge.fml.loading.moddiscovery.ModFile/LOADING]: Loading mod file /data/mods/comforts-forge-1.16.5-4.0.1.5.jar with language javafml
[06Feb2026 23:11:28.031] [main/DEBUG] [net.minecraftforge.fml.loading.moddiscovery.ModFileParser/LOADING]: Considering mod file candidate /data/mods/configured-1.5.3-1.16.5.jar
[06Feb2026 23:11:28.032] [main/DEBUG] [net.minecraftforge.fml.loading.moddiscovery.ModFileInfo/LOADING]: Found valid mod file configured-1.5.3-1.16.5.jar with {configured} mods - versions {1.5.3}
[06Feb2026 23:11:28.032] [main/DEBUG] [net.minecraftforge.fml.loading.moddiscovery.ModFile/LOADING]: Loading mod file /data/mods/configured-1.5.3-1.16.5.jar with language javafml
[06Feb2026 23:11:28.121] [main/DEBUG] [net.minecraftforge.fml.loading.moddiscovery.ModFileParser/LOADING]: Found coremod Configured with Javascript path transformers/set_background_texture.js
[06Feb2026 23:11:28.121] [main/DEBUG] [net.minecraftforge.fml.loading.moddiscovery.ModFile/LOADING]: Found coremod transformers/set_background_texture.js
[06Feb2026 23:11:28.122] [main/DEBUG] [net.minecraftforge.fml.loading.moddiscovery.ModFileParser/LOADING]: Considering mod file candidate /data/mods/curios-forge-1.16.5-4.0.7.0-api.jar
[06Feb2026 23:11:28.122] [main/WARN] [net.minecraftforge.fml.loading.moddiscovery.ModFileParser/LOADING]: Mod file Mod File: /data/mods/curios-forge-1.16.5-4.0.7.0-api.jar is missing mods.toml file
[06Feb2026 23:11:28.123] [main/WARN] [net.minecraftforge.fml.loading.moddiscovery.ModDiscoverer/SCAN]: File /data/mods/curios-forge-1.16.5-4.0.7.0-api.jar has been ignored - it is invalid
[06Feb2026 23:11:28.123] [main/DEBUG] [net.minecraftforge.fml.loading.moddiscovery.ModFileParser/LOADING]: Considering mod file candidate /data/mods/curios-forge-1.16.5-4.0.7.0.jar
[06Feb2026 23:11:28.123] [main/DEBUG] [net.minecraftforge.fml.loading.moddiscovery.ModFileInfo/LOADING]: Found valid mod file curios-forge-1.16.5-4.0.7.0.jar with {curios} mods - versions {1.16.5-4.0.7.0}
[06Feb2026 23:11:28.124] [main/DEBUG] [net.minecraftforge.fml.loading.moddiscovery.ModFile/LOADING]: Loading mod file /data/mods/curios-forge-1.16.5-4.0.7.0.jar with language javafml
[06Feb2026 23:11:28.124] [main/DEBUG] [net.minecraftforge.fml.loading.moddiscovery.ModFileParser/LOADING]: Considering mod file candidate /data/mods/environmental-1.16.5-1.1.1.jar
[06Feb2026 23:11:28.125] [main/DEBUG] [net.minecraftforge.fml.loading.moddiscovery.ModFileInfo/LOADING]: Found valid mod file environmental-1.16.5-1.1.1.jar with {environmental} mods - versions {1.1.1}
[06Feb2026 23:11:28.126] [main/DEBUG] [net.minecraftforge.fml.loading.moddiscovery.ModFile/LOADING]: Loading mod file /data/mods/environmental-1.16.5-1.1.1.jar with language javafml
[06Feb2026 23:11:28.126] [main/DEBUG] [net.minecraftforge.fml.loading.moddiscovery.ModFileParser/LOADING]: Considering mod file candidate /data/mods/exlinefurniture-1.16.5-2.0.jar
[06Feb2026 23:11:28.127] [main/DEBUG] [net.minecraftforge.fml.loading.moddiscovery.ModFileInfo/LOADING]: Found valid mod file exlinefurniture-1.16.5-2.0.jar with {exlinefurniture} mods - versions {1.16.5-2.0}
[06Feb2026 23:11:28.127] [main/DEBUG] [net.minecraftforge.fml.loading.moddiscovery.ModFile/LOADING]: Loading mod file /data/mods/exlinefurniture-1.16.5-2.0.jar with language javafml
[06Feb2026 23:11:28.127] [main/DEBUG] [net.minecraftforge.fml.loading.moddiscovery.ModFileParser/LOADING]: Considering mod file candidate /data/mods/extraboats-1.16.5-2.1.1.jar
[06Feb2026 23:11:28.128] [main/DEBUG] [net.minecraftforge.fml.loading.moddiscovery.ModFileInfo/LOADING]: Found valid mod file extraboats-1.16.5-2.1.1.jar with {extraboats} mods - versions {2.1.1}
[06Feb2026 23:11:28.128] [main/DEBUG] [net.minecraftforge.fml.loading.moddiscovery.ModFile/LOADING]: Loading mod file /data/mods/extraboats-1.16.5-2.1.1.jar with language javafml
[06Feb2026 23:11:28.128] [main/DEBUG] [net.minecraftforge.fml.loading.moddiscovery.ModFileParser/LOADING]: Considering mod file candidate /data/mods/FarmersDelight-1.16.5-0.5.4.jar
[06Feb2026 23:11:28.129] [main/DEBUG] [net.minecraftforge.fml.loading.moddiscovery.ModFileInfo/LOADING]: Found valid mod file FarmersDelight-1.16.5-0.5.4.jar with {farmersdelight} mods - versions {1.16.5-0.5.4}
[06Feb2026 23:11:28.129] [main/DEBUG] [net.minecraftforge.fml.loading.moddiscovery.ModFile/LOADING]: Loading mod file /data/mods/FarmersDelight-1.16.5-0.5.4.jar with language javafml
[06Feb2026 23:11:28.129] [main/DEBUG] [net.minecraftforge.fml.loading.moddiscovery.ModFileParser/LOADING]: Considering mod file candidate /data/mods/iChunUtil-1.16.5-10.7.0.jar
[06Feb2026 23:11:28.130] [main/DEBUG] [net.minecraftforge.fml.loading.moddiscovery.ModFileInfo/LOADING]: Found valid mod file iChunUtil-1.16.5-10.7.0.jar with {ichunutil} mods - versions {10.7.0}
[06Feb2026 23:11:28.130] [main/DEBUG] [net.minecraftforge.fml.loading.moddiscovery.ModFile/LOADING]: Loading mod file /data/mods/iChunUtil-1.16.5-10.7.0.jar with language javafml
[06Feb2026 23:11:28.130] [main/DEBUG] [net.minecraftforge.fml.loading.moddiscovery.ModFileParser/LOADING]: Considering mod file candidate /data/mods/ilikewood-1.16.5-6.3.0.0.jar
[06Feb2026 23:11:28.131] [main/DEBUG] [net.minecraftforge.fml.loading.moddiscovery.ModFileInfo/LOADING]: Found valid mod file ilikewood-1.16.5-6.3.0.0.jar with {ilikewood} mods - versions {1.16.5-6.3.0.0}
[06Feb2026 23:11:28.132] [main/DEBUG] [net.minecraftforge.fml.loading.moddiscovery.ModFile/LOADING]: Loading mod file /data/mods/ilikewood-1.16.5-6.3.0.0.jar with language javafml
[06Feb2026 23:11:28.132] [main/DEBUG] [net.minecraftforge.fml.loading.moddiscovery.ModFileParser/LOADING]: Considering mod file candidate /data/mods/Immersive Vehicles-1.16.5-22.17.0.jar
[06Feb2026 23:11:28.133] [main/DEBUG] [net.minecraftforge.fml.loading.moddiscovery.ModFileInfo/LOADING]: Found valid mod file Immersive Vehicles-1.16.5-22.17.0.jar with {mts} mods - versions {NONE}
[06Feb2026 23:11:28.133] [main/DEBUG] [net.minecraftforge.fml.loading.moddiscovery.ModFile/LOADING]: Loading mod file /data/mods/Immersive Vehicles-1.16.5-22.17.0.jar with language javafml
[06Feb2026 23:11:28.133] [main/DEBUG] [net.minecraftforge.fml.loading.moddiscovery.ModFileParser/LOADING]: Considering mod file candidate /data/mods/immersivecooking-1.0.1.jar
[06Feb2026 23:11:28.134] [main/DEBUG] [net.minecraftforge.fml.loading.moddiscovery.ModFileInfo/LOADING]: Found valid mod file immersivecooking-1.0.1.jar with {immersivecooking} mods - versions {1.0.1}
[06Feb2026 23:11:28.135] [main/DEBUG] [net.minecraftforge.fml.loading.moddiscovery.ModFile/LOADING]: Loading mod file /data/mods/immersivecooking-1.0.1.jar with language javafml
[06Feb2026 23:11:28.135] [main/DEBUG] [net.minecraftforge.fml.loading.moddiscovery.ModFileParser/LOADING]: Considering mod file candidate /data/mods/ImmersiveEngineering-1.16.5-5.0.6-141.jar
[06Feb2026 23:11:28.136] [main/DEBUG] [net.minecraftforge.fml.loading.moddiscovery.ModFileInfo/LOADING]: Found valid mod file ImmersiveEngineering-1.16.5-5.0.6-141.jar with {immersiveengineering} mods - versions {1.16.5-5.0.6-141}
[06Feb2026 23:11:28.185] [main/DEBUG] [net.minecraftforge.fml.loading.moddiscovery.ModFile/LOADING]: Loading mod file /data/mods/ImmersiveEngineering-1.16.5-5.0.6-141.jar with language javafml
[06Feb2026 23:11:28.185] [main/DEBUG] [net.minecraftforge.fml.loading.moddiscovery.ModFileParser/LOADING]: Considering mod file candidate /data/mods/ImmersivePetroleum-1.16.5-3.3.0-11.jar
[06Feb2026 23:11:28.186] [main/DEBUG] [net.minecraftforge.fml.loading.moddiscovery.ModFileInfo/LOADING]: Found valid mod file ImmersivePetroleum-1.16.5-3.3.0-11.jar with {immersivepetroleum} mods - versions {3.3.0-11}
[06Feb2026 23:11:28.186] [main/DEBUG] [net.minecraftforge.fml.loading.moddiscovery.ModFile/LOADING]: Loading mod file /data/mods/ImmersivePetroleum-1.16.5-3.3.0-11.jar with language javafml
[06Feb2026 23:11:28.187] [main/DEBUG] [net.minecraftforge.fml.loading.moddiscovery.ModFileParser/LOADING]: Considering mod file candidate /data/mods/immersiveposts-1.16.5-4.1.0.jar
[06Feb2026 23:11:28.187] [main/DEBUG] [net.minecraftforge.fml.loading.moddiscovery.ModFileInfo/LOADING]: Found valid mod file immersiveposts-1.16.5-4.1.0.jar with {immersiveposts} mods - versions {4.1.0}
[06Feb2026 23:11:28.196] [main/DEBUG] [net.minecraftforge.fml.loading.moddiscovery.ModFile/LOADING]: Loading mod file /data/mods/immersiveposts-1.16.5-4.1.0.jar with language javafml
[06Feb2026 23:11:28.196] [main/DEBUG] [net.minecraftforge.fml.loading.moddiscovery.ModFileParser/LOADING]: Considering mod file candidate /data/mods/ImmersiveRailroading-1.16.4-forge-1.8.0.1.jar
[06Feb2026 23:11:28.197] [main/DEBUG] [net.minecraftforge.fml.loading.moddiscovery.ModFileInfo/LOADING]: Found valid mod file ImmersiveRailroading-1.16.4-forge-1.8.0.1.jar with {immersiverailroading} mods - versions {1.16.4-forge-1.8.0}
[06Feb2026 23:11:28.198] [main/DEBUG] [net.minecraftforge.fml.loading.moddiscovery.ModFile/LOADING]: Loading mod file /data/mods/ImmersiveRailroading-1.16.4-forge-1.8.0.1.jar with language javafml
[06Feb2026 23:11:28.198] [main/DEBUG] [net.minecraftforge.fml.loading.moddiscovery.ModFileParser/LOADING]: Considering mod file candidate /data/mods/instantbuildings-1-16-5-1-0-1.jar
[06Feb2026 23:11:28.198] [main/DEBUG] [net.minecraftforge.fml.loading.moddiscovery.ModFileInfo/LOADING]: Found valid mod file instantbuildings-1-16-5-1-0-1.jar with {instantbuidlings} mods - versions {1.0.0}
[06Feb2026 23:11:28.199] [main/DEBUG] [net.minecraftforge.fml.loading.moddiscovery.ModFile/LOADING]: Loading mod file /data/mods/instantbuildings-1-16-5-1-0-1.jar with language javafml
[06Feb2026 23:11:28.199] [main/DEBUG] [net.minecraftforge.fml.loading.moddiscovery.ModFileParser/LOADING]: Considering mod file candidate /data/mods/jei-1.16.5-7.7.1.150.jar
[06Feb2026 23:11:28.202] [main/DEBUG] [net.minecraftforge.fml.loading.moddiscovery.ModFileInfo/LOADING]: Found valid mod file jei-1.16.5-7.7.1.150.jar with {jei} mods - versions {7.7.1.150}
[06Feb2026 23:11:28.203] [main/DEBUG] [net.minecraftforge.fml.loading.moddiscovery.ModFile/LOADING]: Loading mod file /data/mods/jei-1.16.5-7.7.1.150.jar with language javafml
[06Feb2026 23:11:28.203] [main/DEBUG] [net.minecraftforge.fml.loading.moddiscovery.ModFileParser/LOADING]: Considering mod file candidate /data/mods/jeiintegration_1.16.5-7.0.1.15.jar
[06Feb2026 23:11:28.204] [main/DEBUG] [net.minecraftforge.fml.loading.moddiscovery.ModFileInfo/LOADING]: Found valid mod file jeiintegration_1.16.5-7.0.1.15.jar with {jeiintegration} mods - versions {7.0.1.15}
[06Feb2026 23:11:28.204] [main/DEBUG] [net.minecraftforge.fml.loading.moddiscovery.ModFile/LOADING]: Loading mod file /data/mods/jeiintegration_1.16.5-7.0.1.15.jar with language javafml
[06Feb2026 23:11:28.204] [main/DEBUG] [net.minecraftforge.fml.loading.moddiscovery.ModFileParser/LOADING]: Considering mod file candidate /data/mods/journeymap-1.16.5-5.7.1.jar
[06Feb2026 23:11:28.210] [main/DEBUG] [net.minecraftforge.fml.loading.moddiscovery.ModFileInfo/LOADING]: Found valid mod file journeymap-1.16.5-5.7.1.jar with {journeymap} mods - versions {5.7.1}
[06Feb2026 23:11:28.211] [main/DEBUG] [net.minecraftforge.fml.loading.moddiscovery.ModFile/LOADING]: Loading mod file /data/mods/journeymap-1.16.5-5.7.1.jar with language javafml
[06Feb2026 23:11:28.211] [main/DEBUG] [net.minecraftforge.fml.loading.moddiscovery.ModFileParser/LOADING]: Found coremod journeymap transformer with Javascript path render-event-transformer.js
[06Feb2026 23:11:28.211] [main/DEBUG] [net.minecraftforge.fml.loading.moddiscovery.ModFile/LOADING]: Found coremod render-event-transformer.js
[06Feb2026 23:11:28.211] [main/DEBUG] [net.minecraftforge.fml.loading.moddiscovery.ModFileParser/LOADING]: Considering mod file candidate /data/mods/Mantle-1.16.5-1.6.157.jar
[06Feb2026 23:11:28.217] [main/DEBUG] [net.minecraftforge.fml.loading.moddiscovery.ModFileInfo/LOADING]: Found valid mod file Mantle-1.16.5-1.6.157.jar with {mantle} mods - versions {1.6.157}
[06Feb2026 23:11:28.217] [main/DEBUG] [net.minecraftforge.fml.loading.moddiscovery.ModFile/LOADING]: Loading mod file /data/mods/Mantle-1.16.5-1.6.157.jar with language javafml
[06Feb2026 23:11:28.217] [main/DEBUG] [net.minecraftforge.fml.loading.moddiscovery.ModFileParser/LOADING]: Considering mod file candidate /data/mods/Morph-1.16.5-10.2.1.jar
[06Feb2026 23:11:28.218] [main/DEBUG] [net.minecraftforge.fml.loading.moddiscovery.ModFileInfo/LOADING]: Found valid mod file Morph-1.16.5-10.2.1.jar with {morph} mods - versions {10.2.1}
[06Feb2026 23:11:28.218] [main/DEBUG] [net.minecraftforge.fml.loading.moddiscovery.ModFile/LOADING]: Loading mod file /data/mods/Morph-1.16.5-10.2.1.jar with language javafml
[06Feb2026 23:11:28.219] [main/DEBUG] [net.minecraftforge.fml.loading.moddiscovery.ModFileParser/LOADING]: Considering mod file candidate /data/mods/movingelevators-1.2.34-mc1.16.5.jar
[06Feb2026 23:11:28.231] [main/DEBUG] [net.minecraftforge.fml.loading.moddiscovery.ModFileInfo/LOADING]: Found valid mod file movingelevators-1.2.34-mc1.16.5.jar with {movingelevators} mods - versions {1.2.34}
[06Feb2026 23:11:28.231] [main/DEBUG] [net.minecraftforge.fml.loading.moddiscovery.ModFile/LOADING]: Loading mod file /data/mods/movingelevators-1.2.34-mc1.16.5.jar with language javafml
[06Feb2026 23:11:28.231] [main/DEBUG] [net.minecraftforge.fml.loading.moddiscovery.ModFileParser/LOADING]: Considering mod file candidate /data/mods/MushroomFoxMod_V.4.2_1.16.5.jar
[06Feb2026 23:11:28.232] [main/DEBUG] [net.minecraftforge.fml.loading.moddiscovery.ModFileInfo/LOADING]: Found valid mod file MushroomFoxMod_V.4.2_1.16.5.jar with {mushroom_fox} mods - versions {1.0.0}
[06Feb2026 23:11:28.232] [main/DEBUG] [net.minecraftforge.fml.loading.moddiscovery.ModFile/LOADING]: Loading mod file /data/mods/MushroomFoxMod_V.4.2_1.16.5.jar with language javafml
[06Feb2026 23:11:28.232] [main/DEBUG] [net.minecraftforge.fml.loading.moddiscovery.ModFileParser/LOADING]: Considering mod file candidate /data/mods/obfuscate-0.6.2-1.16.3.jar
[06Feb2026 23:11:28.233] [main/DEBUG] [net.minecraftforge.fml.loading.moddiscovery.ModFileInfo/LOADING]: Found valid mod file obfuscate-0.6.2-1.16.3.jar with {obfuscate} mods - versions {0.6.2}
[06Feb2026 23:11:28.240] [main/DEBUG] [net.minecraftforge.fml.loading.moddiscovery.ModFile/LOADING]: Loading mod file /data/mods/obfuscate-0.6.2-1.16.3.jar with language javafml
[06Feb2026 23:11:28.240] [main/DEBUG] [net.minecraftforge.fml.loading.moddiscovery.ModFileParser/LOADING]: Considering mod file candidate /data/mods/personality-1.16.5-1.0.3.jar
[06Feb2026 23:11:28.241] [main/DEBUG] [net.minecraftforge.fml.loading.moddiscovery.ModFileInfo/LOADING]: Found valid mod file personality-1.16.5-1.0.3.jar with {personality} mods - versions {1.0.3}
[06Feb2026 23:11:28.241] [main/DEBUG] [net.minecraftforge.fml.loading.moddiscovery.ModFile/LOADING]: Loading mod file /data/mods/personality-1.16.5-1.0.3.jar with language javafml
[06Feb2026 23:11:28.241] [main/DEBUG] [net.minecraftforge.fml.loading.moddiscovery.ModFileParser/LOADING]: Considering mod file candidate /data/mods/reusable_rockets-1.16.5-1.0.1.jar
[06Feb2026 23:11:28.247] [main/DEBUG] [net.minecraftforge.fml.loading.moddiscovery.ModFileInfo/LOADING]: Found valid mod file reusable_rockets-1.16.5-1.0.1.jar with {reusable_rockets} mods - versions {1.16.5-1.0.1}
[06Feb2026 23:11:28.247] [main/DEBUG] [net.minecraftforge.fml.loading.moddiscovery.ModFile/LOADING]: Loading mod file /data/mods/reusable_rockets-1.16.5-1.0.1.jar with language javafml
[06Feb2026 23:11:28.247] [main/DEBUG] [net.minecraftforge.fml.loading.moddiscovery.ModFileParser/LOADING]: Considering mod file candidate /data/mods/simpleplanes-1.16.5-4.6.0.jar
[06Feb2026 23:11:28.253] [main/DEBUG] [net.minecraftforge.fml.loading.moddiscovery.ModFileInfo/LOADING]: Found valid mod file simpleplanes-1.16.5-4.6.0.jar with {simpleplanes} mods - versions {1.16.5-4.6.0}
[06Feb2026 23:11:28.253] [main/DEBUG] [net.minecraftforge.fml.loading.moddiscovery.ModFile/LOADING]: Loading mod file /data/mods/simpleplanes-1.16.5-4.6.0.jar with language javafml
[06Feb2026 23:11:28.253] [main/DEBUG] [net.minecraftforge.fml.loading.moddiscovery.ModFileParser/LOADING]: Considering mod file candidate /data/mods/Space-BossTools-1.16.5-5.5d.jar
[06Feb2026 23:11:28.254] [main/DEBUG] [net.minecraftforge.fml.loading.moddiscovery.ModFileInfo/LOADING]: Found valid mod file Space-BossTools-1.16.5-5.5d.jar with {boss_tools} mods - versions {5.5}
[06Feb2026 23:11:28.254] [main/DEBUG] [net.minecraftforge.fml.loading.moddiscovery.ModFile/LOADING]: Loading mod file /data/mods/Space-BossTools-1.16.5-5.5d.jar with language javafml
[06Feb2026 23:11:28.255] [main/DEBUG] [net.minecraftforge.fml.loading.moddiscovery.ModFileParser/LOADING]: Considering mod file candidate /data/mods/spIIfix.jar
[06Feb2026 23:11:28.255] [main/DEBUG] [net.minecraftforge.fml.loading.moddiscovery.ModFileInfo/LOADING]: Found valid mod file spIIfix.jar with {structure_plus_ii} mods - versions {1.0.0}
[06Feb2026 23:11:28.256] [main/DEBUG] [net.minecraftforge.fml.loading.moddiscovery.ModFile/LOADING]: Loading mod file /data/mods/spIIfix.jar with language javafml
[06Feb2026 23:11:28.256] [main/DEBUG] [net.minecraftforge.fml.loading.moddiscovery.ModFileParser/LOADING]: Considering mod file candidate /data/mods/Survive-1.16.5-3.4.8.jar
[06Feb2026 23:11:28.256] [main/DEBUG] [net.minecraftforge.fml.loading.moddiscovery.ModFileInfo/LOADING]: Found valid mod file Survive-1.16.5-3.4.8.jar with {survive} mods - versions {1.16.5-3.4.8}
[06Feb2026 23:11:28.257] [main/DEBUG] [net.minecraftforge.fml.loading.moddiscovery.ModFile/LOADING]: Loading mod file /data/mods/Survive-1.16.5-3.4.8.jar with language javafml
[06Feb2026 23:11:28.257] [main/DEBUG] [net.minecraftforge.fml.loading.moddiscovery.ModFileParser/LOADING]: Considering mod file candidate /data/mods/Tabula-1.16.5-10.5.1.jar
[06Feb2026 23:11:28.258] [main/DEBUG] [net.minecraftforge.fml.loading.moddiscovery.ModFileInfo/LOADING]: Found valid mod file Tabula-1.16.5-10.5.1.jar with {tabula} mods - versions {10.5.1}
[06Feb2026 23:11:28.258] [main/DEBUG] [net.minecraftforge.fml.loading.moddiscovery.ModFile/LOADING]: Loading mod file /data/mods/Tabula-1.16.5-10.5.1.jar with language javafml
[06Feb2026 23:11:28.258] [main/DEBUG] [net.minecraftforge.fml.loading.moddiscovery.ModFileParser/LOADING]: Considering mod file candidate /data/mods/TConstruct-1.16.5-3.3.4.335.jar
[06Feb2026 23:11:28.264] [main/DEBUG] [net.minecraftforge.fml.loading.moddiscovery.ModFileInfo/LOADING]: Found valid mod file TConstruct-1.16.5-3.3.4.335.jar with {tconstruct} mods - versions {3.3.4.335}
[06Feb2026 23:11:28.266] [main/DEBUG] [net.minecraftforge.fml.loading.moddiscovery.ModFile/LOADING]: Loading mod file /data/mods/TConstruct-1.16.5-3.3.4.335.jar with language javafml
[06Feb2026 23:11:28.266] [main/DEBUG] [net.minecraftforge.fml.loading.moddiscovery.ModFileParser/LOADING]: Considering mod file candidate /data/mods/TrackAPI-1.16.4-forge-1.2.1.jar
[06Feb2026 23:11:28.266] [main/DEBUG] [net.minecraftforge.fml.loading.moddiscovery.ModFileInfo/LOADING]: Found valid mod file TrackAPI-1.16.4-forge-1.2.1.jar with {trackapi} mods - versions {1.2}
[06Feb2026 23:11:28.267] [main/DEBUG] [net.minecraftforge.fml.loading.moddiscovery.ModFile/LOADING]: Loading mod file /data/mods/TrackAPI-1.16.4-forge-1.2.1.jar with language javafml
[06Feb2026 23:11:28.267] [main/DEBUG] [net.minecraftforge.fml.loading.moddiscovery.ModFileParser/LOADING]: Considering mod file candidate /data/mods/TravelersTitles-1.16.4-1.5.jar
[06Feb2026 23:11:28.267] [main/DEBUG] [net.minecraftforge.fml.loading.moddiscovery.ModFileInfo/LOADING]: Found valid mod file TravelersTitles-1.16.4-1.5.jar with {travelerstitles} mods - versions {1.16.4-1.5}
[06Feb2026 23:11:28.268] [main/DEBUG] [net.minecraftforge.fml.loading.moddiscovery.ModFile/LOADING]: Loading mod file /data/mods/TravelersTitles-1.16.4-1.5.jar with language javafml
[06Feb2026 23:11:28.268] [main/DEBUG] [net.minecraftforge.fml.loading.moddiscovery.ModFileParser/LOADING]: Considering mod file candidate /data/mods/UnionLib-1.16.5-3.3.7.jar
[06Feb2026 23:11:28.268] [main/DEBUG] [net.minecraftforge.fml.loading.moddiscovery.ModFileInfo/LOADING]: Found valid mod file UnionLib-1.16.5-3.3.7.jar with {unionlib} mods - versions {3.3.7}
[06Feb2026 23:11:28.269] [main/DEBUG] [net.minecraftforge.fml.loading.moddiscovery.ModFile/LOADING]: Loading mod file /data/mods/UnionLib-1.16.5-3.3.7.jar with language javafml
[06Feb2026 23:11:28.269] [main/DEBUG] [net.minecraftforge.fml.loading.moddiscovery.ModFileParser/LOADING]: Found coremod UnionLib Transformer with Javascript path META-INF/transformer.js
[06Feb2026 23:11:28.269] [main/DEBUG] [net.minecraftforge.fml.loading.moddiscovery.ModFile/LOADING]: Found coremod META-INF/transformer.js
[06Feb2026 23:11:28.270] [main/DEBUG] [net.minecraftforge.fml.loading.moddiscovery.ModFileParser/LOADING]: Considering mod file candidate /data/mods/UniversalModCore-1.16.4-forge-1.0.1.jar
[06Feb2026 23:11:28.270] [main/DEBUG] [net.minecraftforge.fml.loading.moddiscovery.ModFileInfo/LOADING]: Found valid mod file UniversalModCore-1.16.4-forge-1.0.1.jar with {universalmodcore} mods - versions {1.0.1}
[06Feb2026 23:11:28.270] [main/DEBUG] [net.minecraftforge.fml.loading.moddiscovery.ModFile/LOADING]: Loading mod file /data/mods/UniversalModCore-1.16.4-forge-1.0.1.jar with language javafml
[06Feb2026 23:11:28.271] [main/DEBUG] [net.minecraftforge.fml.loading.moddiscovery.ModFileParser/LOADING]: Considering mod file candidate /data/mods/upgrade_aquatic-1.16.5-3.1.2.jar
[06Feb2026 23:11:28.271] [main/DEBUG] [net.minecraftforge.fml.loading.moddiscovery.ModFileInfo/LOADING]: Found valid mod file upgrade_aquatic-1.16.5-3.1.2.jar with {upgrade_aquatic} mods - versions {3.1.2}
[06Feb2026 23:11:28.272] [main/DEBUG] [net.minecraftforge.fml.loading.moddiscovery.ModFile/LOADING]: Loading mod file /data/mods/upgrade_aquatic-1.16.5-3.1.2.jar with language javafml
[06Feb2026 23:11:28.272] [main/DEBUG] [net.minecraftforge.fml.loading.moddiscovery.ModFileParser/LOADING]: Considering mod file candidate /data/mods/vehicle-mod-0.45.2-1.16.3.jar
[06Feb2026 23:11:28.273] [main/DEBUG] [net.minecraftforge.fml.loading.moddiscovery.ModFileInfo/LOADING]: Found valid mod file vehicle-mod-0.45.2-1.16.3.jar with {vehicle} mods - versions {0.45.2}
[06Feb2026 23:11:28.273] [main/DEBUG] [net.minecraftforge.fml.loading.moddiscovery.ModFile/LOADING]: Loading mod file /data/mods/vehicle-mod-0.45.2-1.16.3.jar with language javafml
[06Feb2026 23:11:28.273] [main/DEBUG] [net.minecraftforge.fml.loading.moddiscovery.ModFileParser/LOADING]: Considering mod file candidate /data/mods/Waystones_1.16.5-7.4.0.jar
[06Feb2026 23:11:28.274] [main/DEBUG] [net.minecraftforge.fml.loading.moddiscovery.ModFileInfo/LOADING]: Found valid mod file Waystones_1.16.5-7.4.0.jar with {waystones} mods - versions {7.4.0}
[06Feb2026 23:11:28.274] [main/DEBUG] [net.minecraftforge.fml.loading.moddiscovery.ModFile/LOADING]: Loading mod file /data/mods/Waystones_1.16.5-7.4.0.jar with language javafml
[06Feb2026 23:11:28.275] [main/DEBUG] [net.minecraftforge.fml.loading.moddiscovery.ModFileParser/LOADING]: Considering mod file candidate /data/mods/webasemod-1.16.5-1.3.1.jar
[06Feb2026 23:11:28.275] [main/DEBUG] [net.minecraftforge.fml.loading.moddiscovery.ModFileInfo/LOADING]: Found valid mod file webasemod-1.16.5-1.3.1.jar with {webasemod} mods - versions {1.16.5-1.3.1}
[06Feb2026 23:11:28.276] [main/DEBUG] [net.minecraftforge.fml.loading.moddiscovery.ModFile/LOADING]: Loading mod file /data/mods/webasemod-1.16.5-1.3.1.jar with language javafml
[06Feb2026 23:11:28.276] [main/DEBUG] [net.minecraftforge.fml.loading.moddiscovery.ModFileParser/LOADING]: Considering mod file candidate /data/mods/Wilds+Version+2.8.jar
[06Feb2026 23:11:28.276] [main/DEBUG] [net.minecraftforge.fml.loading.moddiscovery.ModFileInfo/LOADING]: Found valid mod file Wilds+Version+2.8.jar with {wilds} mods - versions {1.0.0}
[06Feb2026 23:11:28.277] [main/DEBUG] [net.minecraftforge.fml.loading.moddiscovery.ModFile/LOADING]: Loading mod file /data/mods/Wilds+Version+2.8.jar with language javafml
[06Feb2026 23:11:28.277] [main/DEBUG] [net.minecraftforge.fml.loading.moddiscovery.ModFileParser/LOADING]: Considering mod file candidate /data/mods/worldedit-mod-7.2.5-dist.jar
[06Feb2026 23:11:28.282] [main/DEBUG] [net.minecraftforge.fml.loading.moddiscovery.ModFileInfo/LOADING]: Found valid mod file worldedit-mod-7.2.5-dist.jar with {worldedit} mods - versions {7.2.5+57d5ac9}
[06Feb2026 23:11:28.283] [main/DEBUG] [net.minecraftforge.fml.loading.moddiscovery.ModFile/LOADING]: Loading mod file /data/mods/worldedit-mod-7.2.5-dist.jar with language javafml
[06Feb2026 23:11:28.283] [main/DEBUG] [net.minecraftforge.fml.loading.moddiscovery.ModFileParser/LOADING]: Considering mod file candidate /data/mods/YungsApi-1.16.4-Forge-13.jar
[06Feb2026 23:11:28.284] [main/DEBUG] [net.minecraftforge.fml.loading.moddiscovery.ModFileInfo/LOADING]: Found valid mod file YungsApi-1.16.4-Forge-13.jar with {yungsapi} mods - versions {1.16.4-Forge-13}
[06Feb2026 23:11:28.284] [main/DEBUG] [net.minecraftforge.fml.loading.moddiscovery.ModFile/LOADING]: Loading mod file /data/mods/YungsApi-1.16.4-Forge-13.jar with language javafml
[06Feb2026 23:11:28.284] [main/DEBUG] [net.minecraftforge.fml.loading.moddiscovery.ModFileParser/LOADING]: Considering mod file candidate /data/libraries/net/minecraftforge/forge/1.16.5-36.2.34/forge-1.16.5-36.2.34-universal.jar
[06Feb2026 23:11:28.285] [main/DEBUG] [net.minecraftforge.fml.loading.moddiscovery.ModFileInfo/LOADING]: Found valid mod file forge-1.16.5-36.2.34-universal.jar with {forge} mods - versions {36.2.34}
[06Feb2026 23:11:28.296] [main/DEBUG] [net.minecraftforge.fml.loading.moddiscovery.ModFile/LOADING]: Loading mod file /data/libraries/net/minecraftforge/forge/1.16.5-36.2.34/forge-1.16.5-36.2.34-universal.jar with language javafml
[06Feb2026 23:11:28.296] [main/DEBUG] [net.minecraftforge.fml.loading.moddiscovery.ModFileParser/LOADING]: Found coremod fieldtomethodtransformers with Javascript path META-INF/fieldtomethodtransformers.js
[06Feb2026 23:11:28.296] [main/DEBUG] [net.minecraftforge.fml.loading.moddiscovery.ModFileParser/LOADING]: Found coremod field_to_instanceof with Javascript path coremods/field_to_instanceof.js
[06Feb2026 23:11:28.296] [main/DEBUG] [net.minecraftforge.fml.loading.moddiscovery.ModFileParser/LOADING]: Found coremod add_bouncer_method with Javascript path coremods/add_bouncer_method.js
[06Feb2026 23:11:28.296] [main/DEBUG] [net.minecraftforge.fml.loading.moddiscovery.ModFile/LOADING]: Found coremod META-INF/fieldtomethodtransformers.js
[06Feb2026 23:11:28.296] [main/DEBUG] [net.minecraftforge.fml.loading.moddiscovery.ModFile/LOADING]: Found coremod coremods/field_to_instanceof.js
[06Feb2026 23:11:28.296] [main/DEBUG] [net.minecraftforge.fml.loading.moddiscovery.ModFile/LOADING]: Found coremod coremods/add_bouncer_method.js
[06Feb2026 23:11:28.297] [main/DEBUG] [net.minecraftforge.fml.loading.moddiscovery.ModFileParser/LOADING]: Considering mod file candidate /data/libraries/net/minecraftforge/forge/1.16.5-36.2.34/forge-1.16.5-36.2.34-server.jar
[06Feb2026 23:11:28.298] [main/DEBUG] [net.minecraftforge.fml.loading.moddiscovery.ModFileInfo/LOADING]: Found valid mod file forge-1.16.5-36.2.34-server.jar with {minecraft} mods - versions {1.16.5}
[06Feb2026 23:11:28.305] [main/DEBUG] [net.minecraftforge.fml.loading.moddiscovery.ModFile/LOADING]: Loading mod file /data/libraries/net/minecraftforge/forge/1.16.5-36.2.34/forge-1.16.5-36.2.34-server.jar with language minecraft
[06Feb2026 23:11:28.322] [main/DEBUG] [net.minecraftforge.fml.loading.ModSorter/LOADING]: Found 109 mod requirements (102 mandatory, 7 optional)
[06Feb2026 23:11:28.325] [main/DEBUG] [net.minecraftforge.fml.loading.ModSorter/LOADING]: Found 0 mod requirements missing (0 mandatory, 0 optional)
[06Feb2026 23:11:29.630] [main/DEBUG] [cpw.mods.modlauncher.TransformationServiceDecorator/MODLAUNCHER]: End scan trigger - transformation service fml
[06Feb2026 23:11:29.630] [main/DEBUG] [cpw.mods.modlauncher.TransformationServicesHandler/MODLAUNCHER]: Transformation services loading transformers
[06Feb2026 23:11:29.631] [main/DEBUG] [cpw.mods.modlauncher.TransformationServiceDecorator/MODLAUNCHER]: Initializing transformers for transformation service mixin
[06Feb2026 23:11:29.632] [main/DEBUG] [cpw.mods.modlauncher.TransformationServiceDecorator/MODLAUNCHER]: Initialized transformers for transformation service mixin
[06Feb2026 23:11:29.632] [main/DEBUG] [cpw.mods.modlauncher.TransformationServiceDecorator/MODLAUNCHER]: Initializing transformers for transformation service fml
[06Feb2026 23:11:29.632] [main/DEBUG] [net.minecraftforge.fml.loading.FMLServiceProvider/CORE]: Loading coremod transformers
[06Feb2026 23:11:29.633] [main/DEBUG] [net.minecraftforge.coremod.CoreModEngine/COREMOD]: Loading CoreMod from META-INF/transformer.js
[06Feb2026 23:11:29.957] [main/DEBUG] [net.minecraftforge.coremod.CoreModEngine/COREMOD]: CoreMod loaded successfully
[06Feb2026 23:11:29.957] [main/DEBUG] [net.minecraftforge.coremod.CoreModEngine/COREMOD]: Loading CoreMod from render-event-transformer.js
[06Feb2026 23:11:30.061] [main/DEBUG] [net.minecraftforge.coremod.CoreModEngine/COREMOD]: CoreMod loaded successfully
[06Feb2026 23:11:30.061] [main/DEBUG] [net.minecraftforge.coremod.CoreModEngine/COREMOD]: Loading CoreMod from transformers/set_background_texture.js
[06Feb2026 23:11:30.074] [main/DEBUG] [net.minecraftforge.coremod.CoreModEngine/COREMOD]: CoreMod loaded successfully
[06Feb2026 23:11:30.074] [main/DEBUG] [net.minecraftforge.coremod.CoreModEngine/COREMOD]: Loading CoreMod from META-INF/fieldtomethodtransformers.js
[06Feb2026 23:11:30.086] [main/DEBUG] [net.minecraftforge.coremod.CoreModEngine/COREMOD]: CoreMod loaded successfully
[06Feb2026 23:11:30.086] [main/DEBUG] [net.minecraftforge.coremod.CoreModEngine/COREMOD]: Loading CoreMod from coremods/field_to_instanceof.js
[06Feb2026 23:11:30.160] [main/DEBUG] [net.minecraftforge.coremod.CoreModEngine/COREMOD]: CoreMod loaded successfully
[06Feb2026 23:11:30.160] [main/DEBUG] [net.minecraftforge.coremod.CoreModEngine/COREMOD]: Loading CoreMod from coremods/add_bouncer_method.js
[06Feb2026 23:11:30.180] [main/DEBUG] [net.minecraftforge.coremod.CoreModEngine/COREMOD]: CoreMod loaded successfully
[06Feb2026 23:11:30.188] [main/DEBUG] [cpw.mods.modlauncher.TransformStore/MODLAUNCHER]: Adding transformer net.minecraftforge.coremod.transformer.CoreModClassTransformer@7cb8437d to Target : CLASS {Lnet/minecraft/world/gen/feature/structure/StructureStart;} {} {V}
[06Feb2026 23:11:30.189] [main/DEBUG] [cpw.mods.modlauncher.TransformStore/MODLAUNCHER]: Adding transformer net.minecraftforge.coremod.transformer.CoreModClassTransformer@68217d41 to Target : CLASS {Lnet/minecraft/inventory/container/CraftingResultSlot;} {} {V}
[06Feb2026 23:11:30.189] [main/DEBUG] [cpw.mods.modlauncher.TransformStore/MODLAUNCHER]: Adding transformer net.minecraftforge.coremod.transformer.CoreModClassTransformer@1ac45389 to Target : CLASS {Lnet/minecraft/item/ItemStack;} {} {V}
[06Feb2026 23:11:30.189] [main/DEBUG] [cpw.mods.modlauncher.TransformStore/MODLAUNCHER]: Adding transformer net.minecraftforge.coremod.transformer.CoreModClassTransformer@3e5d4f6b to Target : CLASS {Lnet/minecraft/potion/EffectInstance;} {} {V}
[06Feb2026 23:11:30.190] [main/DEBUG] [cpw.mods.modlauncher.TransformStore/MODLAUNCHER]: Adding transformer net.minecraftforge.coremod.transformer.CoreModClassTransformer@39c1fe0b to Target : CLASS {Lnet/minecraft/block/FlowingFluidBlock;} {} {V}
[06Feb2026 23:11:30.190] [main/DEBUG] [cpw.mods.modlauncher.TransformStore/MODLAUNCHER]: Adding transformer net.minecraftforge.coremod.transformer.CoreModClassTransformer@5ae95707 to Target : CLASS {Lnet/minecraft/item/BucketItem;} {} {V}
[06Feb2026 23:11:30.190] [main/DEBUG] [cpw.mods.modlauncher.TransformStore/MODLAUNCHER]: Adding transformer net.minecraftforge.coremod.transformer.CoreModClassTransformer@62891fc8 to Target : CLASS {Lnet/minecraft/block/StairsBlock;} {} {V}
[06Feb2026 23:11:30.190] [main/DEBUG] [cpw.mods.modlauncher.TransformStore/MODLAUNCHER]: Adding transformer net.minecraftforge.coremod.transformer.CoreModClassTransformer@367b22e5 to Target : CLASS {Lnet/minecraft/block/FlowerPotBlock;} {} {V}
[06Feb2026 23:11:30.190] [main/DEBUG] [cpw.mods.modlauncher.TransformStore/MODLAUNCHER]: Adding transformer net.minecraftforge.coremod.transformer.CoreModClassTransformer@fca387 to Target : CLASS {Lnet/minecraft/item/FishBucketItem;} {} {V}
[06Feb2026 23:11:30.190] [main/DEBUG] [cpw.mods.modlauncher.TransformStore/MODLAUNCHER]: Adding transformer net.minecraftforge.coremod.transformer.CoreModClassTransformer@10bd9df0 to Target : CLASS {Lnet/minecraft/item/ItemStack;} {} {V}
[06Feb2026 23:11:30.190] [main/DEBUG] [cpw.mods.modlauncher.TransformStore/MODLAUNCHER]: Adding transformer net.minecraftforge.coremod.transformer.CoreModClassTransformer@3ae0b770 to Target : CLASS {Lnet/minecraft/network/play/client/CClientSettingsPacket;} {} {V}
[06Feb2026 23:11:30.190] [main/DEBUG] [cpw.mods.modlauncher.TransformStore/MODLAUNCHER]: Adding transformer net.minecraftforge.coremod.transformer.CoreModMethodTransformer@30e6a763 to Target : METHOD {Lnet/minecraft/client/renderer/WorldRenderer;} {func_215319_a} {(IIIZ)V}
[06Feb2026 23:11:30.190] [main/DEBUG] [cpw.mods.modlauncher.TransformStore/MODLAUNCHER]: Adding transformer net.minecraftforge.coremod.transformer.CoreModMethodTransformer@4c48fe92 to Target : METHOD {Lnet/minecraft/client/gui/widget/list/AbstractList;} {func_230430_a_} {(Lcom/mojang/blaze3d/matrix/MatrixStack;IIF)V}
[06Feb2026 23:11:30.191] [main/DEBUG] [cpw.mods.modlauncher.TransformStore/MODLAUNCHER]: Adding transformer net.minecraftforge.coremod.transformer.CoreModMethodTransformer@732c9b5c to Target : METHOD {Lnet/minecraft/client/gui/screen/Screen;} {func_231165_f_} {(I)V}
[06Feb2026 23:11:30.191] [main/DEBUG] [cpw.mods.modlauncher.TransformStore/MODLAUNCHER]: Adding transformer net.minecraftforge.coremod.transformer.CoreModMethodTransformer@38320e34 to Target : METHOD {Lnet/minecraft/client/entity/player/AbstractClientPlayerEntity;} {func_175156_o} {()F}
[06Feb2026 23:11:30.191] [main/DEBUG] [cpw.mods.modlauncher.TransformStore/MODLAUNCHER]: Adding transformer net.minecraftforge.coremod.transformer.CoreModMethodTransformer@3d6a6bee to Target : METHOD {Lnet/minecraft/client/renderer/FirstPersonRenderer;} {func_228396_a_} {(FLcom/mojang/blaze3d/matrix/MatrixStack;Lnet/minecraft/client/renderer/IRenderTypeBuffer$Impl;Lnet/minecraft/client/entity/player/ClientPlayerEntity;I)V}
[06Feb2026 23:11:30.191] [main/DEBUG] [cpw.mods.modlauncher.TransformStore/MODLAUNCHER]: Adding transformer net.minecraftforge.coremod.transformer.CoreModMethodTransformer@36ddaebf to Target : METHOD {Lnet/minecraft/client/renderer/entity/model/SkeletonModel;} {func_212843_a_} {(Lnet/minecraft/entity/MobEntity;FFF)V}
[06Feb2026 23:11:30.191] [main/DEBUG] [cpw.mods.modlauncher.TransformStore/MODLAUNCHER]: Adding transformer net.minecraftforge.coremod.transformer.CoreModMethodTransformer@213c3543 to Target : METHOD {Lnet/minecraft/client/renderer/entity/model/SkeletonModel;} {func_225597_a_} {(Lnet/minecraft/entity/MobEntity;FFFFF)V}
[06Feb2026 23:11:30.191] [main/DEBUG] [cpw.mods.modlauncher.TransformStore/MODLAUNCHER]: Adding transformer net.minecraftforge.coremod.transformer.CoreModMethodTransformer@9d7ccfe to Target : METHOD {Lnet/minecraft/entity/monster/AbstractSkeletonEntity;} {func_230280_a_} {(Lnet/minecraft/item/ShootableItem;)Z}
[06Feb2026 23:11:30.191] [main/DEBUG] [cpw.mods.modlauncher.TransformStore/MODLAUNCHER]: Adding transformer net.minecraftforge.coremod.transformer.CoreModMethodTransformer@670ce331 to Target : METHOD {Lnet/minecraft/entity/monster/AbstractSkeletonEntity;} {func_85036_m} {()V}
[06Feb2026 23:11:30.191] [main/DEBUG] [cpw.mods.modlauncher.TransformStore/MODLAUNCHER]: Adding transformer net.minecraftforge.coremod.transformer.CoreModMethodTransformer@3cff0139 to Target : METHOD {Lnet/minecraft/client/renderer/FirstPersonRenderer;} {func_228396_a_} {(FLcom/mojang/blaze3d/matrix/MatrixStack;Lnet/minecraft/client/renderer/IRenderTypeBuffer$Impl;Lnet/minecraft/client/entity/player/ClientPlayerEntity;I)V}
[06Feb2026 23:11:30.191] [main/DEBUG] [cpw.mods.modlauncher.TransformStore/MODLAUNCHER]: Adding transformer net.minecraftforge.coremod.transformer.CoreModMethodTransformer@7c29adc8 to Target : METHOD {Lnet/minecraft/client/renderer/FirstPersonRenderer;} {func_228405_a_} {(Lnet/minecraft/client/entity/player/AbstractClientPlayerEntity;FFLnet/minecraft/util/Hand;FLnet/minecraft/item/ItemStack;FLcom/mojang/blaze3d/matrix/MatrixStack;Lnet/minecraft/client/renderer/IRenderTypeBuffer;I)V}
[06Feb2026 23:11:30.191] [main/DEBUG] [cpw.mods.modlauncher.TransformStore/MODLAUNCHER]: Adding transformer net.minecraftforge.coremod.transformer.CoreModMethodTransformer@4b2e3e8f to Target : METHOD {Lnet/minecraft/client/renderer/entity/PlayerRenderer;} {func_241741_a_} {(Lnet/minecraft/client/entity/player/AbstractClientPlayerEntity;Lnet/minecraft/util/Hand;)Lnet/minecraft/client/renderer/entity/model/BipedModel$ArmPose;}
[06Feb2026 23:11:30.192] [main/DEBUG] [cpw.mods.modlauncher.TransformStore/MODLAUNCHER]: Adding transformer net.minecraftforge.coremod.transformer.CoreModMethodTransformer@4bbb49b0 to Target : METHOD {Lnet/minecraft/entity/monster/PillagerEntity;} {func_230280_a_} {(Lnet/minecraft/item/ShootableItem;)Z}
[06Feb2026 23:11:30.192] [main/DEBUG] [cpw.mods.modlauncher.TransformStore/MODLAUNCHER]: Adding transformer net.minecraftforge.coremod.transformer.CoreModMethodTransformer@f096f37 to Target : METHOD {Lnet/minecraft/entity/monster/PillagerEntity;} {func_241844_w} {(F)V}
[06Feb2026 23:11:30.192] [main/DEBUG] [cpw.mods.modlauncher.TransformStore/MODLAUNCHER]: Adding transformer net.minecraftforge.coremod.transformer.CoreModMethodTransformer@3effd4f3 to Target : METHOD {Lnet/minecraft/entity/monster/piglin/PiglinEntity;} {func_208003_a} {(Lnet/minecraft/item/ItemStack;Lnet/minecraft/item/ItemStack;)Z}
[06Feb2026 23:11:30.192] [main/DEBUG] [cpw.mods.modlauncher.TransformStore/MODLAUNCHER]: Adding transformer net.minecraftforge.coremod.transformer.CoreModMethodTransformer@41f4fe5 to Target : METHOD {Lnet/minecraft/entity/monster/piglin/PiglinEntity;} {func_230280_a_} {(Lnet/minecraft/item/ShootableItem;)Z}
[06Feb2026 23:11:30.192] [main/DEBUG] [cpw.mods.modlauncher.TransformStore/MODLAUNCHER]: Adding transformer net.minecraftforge.coremod.transformer.CoreModMethodTransformer@15f8701f to Target : METHOD {Lnet/minecraft/item/CrossbowItem;} {func_220013_l} {(Lnet/minecraft/item/ItemStack;)F}
[06Feb2026 23:11:30.192] [main/DEBUG] [cpw.mods.modlauncher.TransformStore/MODLAUNCHER]: Adding transformer net.minecraftforge.coremod.transformer.CoreModMethodTransformer@514cd540 to Target : METHOD {Lnet/minecraft/item/Item;} {func_219970_i} {(Lnet/minecraft/item/ItemStack;)Z}
[06Feb2026 23:11:30.192] [main/DEBUG] [cpw.mods.modlauncher.TransformStore/MODLAUNCHER]: Adding transformer net.minecraftforge.coremod.transformer.CoreModMethodTransformer@11d4dbd6 to Target : METHOD {Lnet/minecraft/client/renderer/FirstPersonRenderer;} {func_228405_a_} {(Lnet/minecraft/client/entity/player/AbstractClientPlayerEntity;FFLnet/minecraft/util/Hand;FLnet/minecraft/item/ItemStack;FLcom/mojang/blaze3d/matrix/MatrixStack;Lnet/minecraft/client/renderer/IRenderTypeBuffer;I)V}
[06Feb2026 23:11:30.192] [main/DEBUG] [cpw.mods.modlauncher.TransformStore/MODLAUNCHER]: Adding transformer net.minecraftforge.coremod.transformer.CoreModMethodTransformer@6f4ade6e to Target : METHOD {Lnet/minecraft/entity/item/ItemFrameEntity;} {func_110131_b} {(Lnet/minecraft/item/ItemStack;)V}
[06Feb2026 23:11:30.192] [main/DEBUG] [cpw.mods.modlauncher.TransformStore/MODLAUNCHER]: Adding transformer net.minecraftforge.coremod.transformer.CoreModMethodTransformer@39e43310 to Target : METHOD {Lnet/minecraft/inventory/container/CartographyContainer$3;} {func_75214_a} {(Lnet/minecraft/item/ItemStack;)Z}
[06Feb2026 23:11:30.192] [main/DEBUG] [cpw.mods.modlauncher.TransformStore/MODLAUNCHER]: Adding transformer net.minecraftforge.coremod.transformer.CoreModMethodTransformer@eb507b9 to Target : METHOD {Lnet/minecraft/inventory/container/CartographyContainer;} {func_82846_b} {(Lnet/minecraft/entity/player/PlayerEntity;I)Lnet/minecraft/item/ItemStack;}
[06Feb2026 23:11:30.193] [main/DEBUG] [cpw.mods.modlauncher.TransformStore/MODLAUNCHER]: Adding transformer net.minecraftforge.coremod.transformer.CoreModMethodTransformer@390877d2 to Target : METHOD {Lnet/minecraft/item/ItemStack;} {func_82840_a} {(Lnet/minecraft/entity/player/PlayerEntity;Lnet/minecraft/client/util/ITooltipFlag;)Ljava/util/List;}
[06Feb2026 23:11:30.193] [main/DEBUG] [cpw.mods.modlauncher.TransformStore/MODLAUNCHER]: Adding transformer net.minecraftforge.coremod.transformer.CoreModMethodTransformer@86733 to Target : METHOD {Lnet/minecraft/client/renderer/entity/FishRenderer;} {func_225623_a_} {(Lnet/minecraft/entity/projectile/FishingBobberEntity;FFLcom/mojang/blaze3d/matrix/MatrixStack;Lnet/minecraft/client/renderer/IRenderTypeBuffer;I)V}
[06Feb2026 23:11:30.193] [main/DEBUG] [cpw.mods.modlauncher.TransformStore/MODLAUNCHER]: Adding transformer net.minecraftforge.coremod.transformer.CoreModMethodTransformer@186cb891 to Target : METHOD {Lnet/minecraft/entity/projectile/FishingBobberEntity;} {func_234600_a_} {(Lnet/minecraft/entity/player/PlayerEntity;)Z}
[06Feb2026 23:11:30.193] [main/DEBUG] [cpw.mods.modlauncher.TransformStore/MODLAUNCHER]: Adding transformer net.minecraftforge.coremod.transformer.CoreModMethodTransformer@3ec2ecea to Target : METHOD {Lnet/minecraft/block/BeehiveBlock;} {func_225533_a_} {(Lnet/minecraft/block/BlockState;Lnet/minecraft/world/World;Lnet/minecraft/util/math/BlockPos;Lnet/minecraft/entity/player/PlayerEntity;Lnet/minecraft/util/Hand;Lnet/minecraft/util/math/BlockRayTraceResult;)Lnet/minecraft/util/ActionResultType;}
[06Feb2026 23:11:30.193] [main/DEBUG] [cpw.mods.modlauncher.TransformStore/MODLAUNCHER]: Adding transformer net.minecraftforge.coremod.transformer.CoreModMethodTransformer@440eaa07 to Target : METHOD {Lnet/minecraft/block/PumpkinBlock;} {func_225533_a_} {(Lnet/minecraft/block/BlockState;Lnet/minecraft/world/World;Lnet/minecraft/util/math/BlockPos;Lnet/minecraft/entity/player/PlayerEntity;Lnet/minecraft/util/Hand;Lnet/minecraft/util/math/BlockRayTraceResult;)Lnet/minecraft/util/ActionResultType;}
[06Feb2026 23:11:30.193] [main/DEBUG] [cpw.mods.modlauncher.TransformStore/MODLAUNCHER]: Adding transformer net.minecraftforge.coremod.transformer.CoreModMethodTransformer@7fc7c4a to Target : METHOD {Lnet/minecraft/block/TripWireBlock;} {func_176208_a} {(Lnet/minecraft/world/World;Lnet/minecraft/util/math/BlockPos;Lnet/minecraft/block/BlockState;Lnet/minecraft/entity/player/PlayerEntity;)V}
[06Feb2026 23:11:30.193] [main/DEBUG] [cpw.mods.modlauncher.TransformStore/MODLAUNCHER]: Adding transformer net.minecraftforge.coremod.transformer.CoreModMethodTransformer@7aa9e414 to Target : METHOD {Lnet/minecraft/enchantment/EfficiencyEnchantment;} {func_92089_a} {(Lnet/minecraft/item/ItemStack;)Z}
[06Feb2026 23:11:30.193] [main/DEBUG] [cpw.mods.modlauncher.TransformStore/MODLAUNCHER]: Adding transformer net.minecraftforge.coremod.transformer.CoreModMethodTransformer@53a5e217 to Target : METHOD {Lnet/minecraft/entity/passive/MooshroomEntity;} {func_230254_b_} {(Lnet/minecraft/entity/player/PlayerEntity;Lnet/minecraft/util/Hand;)Lnet/minecraft/util/ActionResultType;}
[06Feb2026 23:11:30.193] [main/DEBUG] [cpw.mods.modlauncher.TransformStore/MODLAUNCHER]: Adding transformer net.minecraftforge.coremod.transformer.CoreModMethodTransformer@624a24f6 to Target : METHOD {Lnet/minecraft/entity/passive/SheepEntity;} {func_230254_b_} {(Lnet/minecraft/entity/player/PlayerEntity;Lnet/minecraft/util/Hand;)Lnet/minecraft/util/ActionResultType;}
[06Feb2026 23:11:30.194] [main/DEBUG] [cpw.mods.modlauncher.TransformStore/MODLAUNCHER]: Adding transformer net.minecraftforge.coremod.transformer.CoreModMethodTransformer@6b00ad9 to Target : METHOD {Lnet/minecraft/entity/passive/SnowGolemEntity;} {func_230254_b_} {(Lnet/minecraft/entity/player/PlayerEntity;Lnet/minecraft/util/Hand;)Lnet/minecraft/util/ActionResultType;}
[06Feb2026 23:11:30.194] [main/DEBUG] [cpw.mods.modlauncher.TransformationServiceDecorator/MODLAUNCHER]: Initialized transformers for transformation service fml
[06Feb2026 23:11:30.263] [main/DEBUG] [mixin/]: Processing prepare() for PlatformAgent[MixinPlatformAgentDefault:ModLauncher Root Container(ModLauncher:4f56a0a2)]
[06Feb2026 23:11:30.263] [main/DEBUG] [mixin/]: Processing launch tasks for PlatformAgent[MixinPlatformAgentDefault:ModLauncher Root Container(ModLauncher:4f56a0a2)]
[06Feb2026 23:11:30.263] [main/DEBUG] [mixin/]: Adding mixin platform agents for container ContainerHandleModLauncher.Resource(spIIfix.jar:/data/mods/spIIfix.jar)
[06Feb2026 23:11:30.263] [main/DEBUG] [mixin/]: Instancing new MixinPlatformAgentMinecraftForge for ContainerHandleModLauncher.Resource(spIIfix.jar:/data/mods/spIIfix.jar)
[06Feb2026 23:11:30.263] [main/DEBUG] [mixin/]: MixinPlatformAgentMinecraftForge rejected container ContainerHandleModLauncher.Resource(spIIfix.jar:/data/mods/spIIfix.jar)
[06Feb2026 23:11:30.264] [main/DEBUG] [mixin/]: Instancing new MixinPlatformAgentDefault for ContainerHandleModLauncher.Resource(spIIfix.jar:/data/mods/spIIfix.jar)
[06Feb2026 23:11:30.264] [main/DEBUG] [mixin/]: MixinPlatformAgentDefault accepted container ContainerHandleModLauncher.Resource(spIIfix.jar:/data/mods/spIIfix.jar)
[06Feb2026 23:11:30.264] [main/DEBUG] [mixin/]: Processing prepare() for PlatformAgent[MixinPlatformAgentDefault:ContainerHandleModLauncher.Resource(spIIfix.jar:/data/mods/spIIfix.jar)]
[06Feb2026 23:11:30.264] [main/DEBUG] [mixin/]: Adding mixin platform agents for container ContainerHandleModLauncher.Resource(Tabula-1.16.5-10.5.1.jar:/data/mods/Tabula-1.16.5-10.5.1.jar)
[06Feb2026 23:11:30.264] [main/DEBUG] [mixin/]: Instancing new MixinPlatformAgentMinecraftForge for ContainerHandleModLauncher.Resource(Tabula-1.16.5-10.5.1.jar:/data/mods/Tabula-1.16.5-10.5.1.jar)
[06Feb2026 23:11:30.264] [main/DEBUG] [mixin/]: MixinPlatformAgentMinecraftForge rejected container ContainerHandleModLauncher.Resource(Tabula-1.16.5-10.5.1.jar:/data/mods/Tabula-1.16.5-10.5.1.jar)
[06Feb2026 23:11:30.264] [main/DEBUG] [mixin/]: Instancing new MixinPlatformAgentDefault for ContainerHandleModLauncher.Resource(Tabula-1.16.5-10.5.1.jar:/data/mods/Tabula-1.16.5-10.5.1.jar)
[06Feb2026 23:11:30.264] [main/DEBUG] [mixin/]: MixinPlatformAgentDefault accepted container ContainerHandleModLauncher.Resource(Tabula-1.16.5-10.5.1.jar:/data/mods/Tabula-1.16.5-10.5.1.jar)
[06Feb2026 23:11:30.264] [main/DEBUG] [mixin/]: Processing prepare() for PlatformAgent[MixinPlatformAgentDefault:ContainerHandleModLauncher.Resource(Tabula-1.16.5-10.5.1.jar:/data/mods/Tabula-1.16.5-10.5.1.jar)]
[06Feb2026 23:11:30.264] [main/DEBUG] [mixin/]: Adding mixin platform agents for container ContainerHandleModLauncher.Resource(immersivecooking-1.0.1.jar:/data/mods/immersivecooking-1.0.1.jar)
[06Feb2026 23:11:30.264] [main/DEBUG] [mixin/]: Instancing new MixinPlatformAgentMinecraftForge for ContainerHandleModLauncher.Resource(immersivecooking-1.0.1.jar:/data/mods/immersivecooking-1.0.1.jar)
[06Feb2026 23:11:30.265] [main/DEBUG] [mixin/]: MixinPlatformAgentMinecraftForge rejected container ContainerHandleModLauncher.Resource(immersivecooking-1.0.1.jar:/data/mods/immersivecooking-1.0.1.jar)
[06Feb2026 23:11:30.265] [main/DEBUG] [mixin/]: Instancing new MixinPlatformAgentDefault for ContainerHandleModLauncher.Resource(immersivecooking-1.0.1.jar:/data/mods/immersivecooking-1.0.1.jar)
[06Feb2026 23:11:30.265] [main/DEBUG] [mixin/]: MixinPlatformAgentDefault accepted container ContainerHandleModLauncher.Resource(immersivecooking-1.0.1.jar:/data/mods/immersivecooking-1.0.1.jar)
[06Feb2026 23:11:30.265] [main/DEBUG] [mixin/]: Processing prepare() for PlatformAgent[MixinPlatformAgentDefault:ContainerHandleModLauncher.Resource(immersivecooking-1.0.1.jar:/data/mods/immersivecooking-1.0.1.jar)]
[06Feb2026 23:11:30.265] [main/DEBUG] [mixin/]: Registering mixin config: immersivecooking.mixins.json
[06Feb2026 23:11:30.322] [main/DEBUG] [mixin/]: Adding mixin platform agents for container ContainerHandleModLauncher.Resource(UnionLib-1.16.5-3.3.7.jar:/data/mods/UnionLib-1.16.5-3.3.7.jar)
[06Feb2026 23:11:30.322] [main/DEBUG] [mixin/]: Instancing new MixinPlatformAgentMinecraftForge for ContainerHandleModLauncher.Resource(UnionLib-1.16.5-3.3.7.jar:/data/mods/UnionLib-1.16.5-3.3.7.jar)
[06Feb2026 23:11:30.322] [main/DEBUG] [mixin/]: MixinPlatformAgentMinecraftForge rejected container ContainerHandleModLauncher.Resource(UnionLib-1.16.5-3.3.7.jar:/data/mods/UnionLib-1.16.5-3.3.7.jar)
[06Feb2026 23:11:30.322] [main/DEBUG] [mixin/]: Instancing new MixinPlatformAgentDefault for ContainerHandleModLauncher.Resource(UnionLib-1.16.5-3.3.7.jar:/data/mods/UnionLib-1.16.5-3.3.7.jar)
[06Feb2026 23:11:30.323] [main/DEBUG] [mixin/]: MixinPlatformAgentDefault accepted container ContainerHandleModLauncher.Resource(UnionLib-1.16.5-3.3.7.jar:/data/mods/UnionLib-1.16.5-3.3.7.jar)
[06Feb2026 23:11:30.323] [main/DEBUG] [mixin/]: Processing prepare() for PlatformAgent[MixinPlatformAgentDefault:ContainerHandleModLauncher.Resource(UnionLib-1.16.5-3.3.7.jar:/data/mods/UnionLib-1.16.5-3.3.7.jar)]
[06Feb2026 23:11:30.323] [main/DEBUG] [mixin/]: Registering mixin config: unionlib.mixins.json
[06Feb2026 23:11:30.324] [main/ERROR] [mixin/]: Mixin config unionlib.mixins.json does not specify "minVersion" property
[06Feb2026 23:11:30.324] [main/DEBUG] [mixin/]: Adding mixin platform agents for container ContainerHandleModLauncher.Resource(jei-1.16.5-7.7.1.150.jar:/data/mods/jei-1.16.5-7.7.1.150.jar)
[06Feb2026 23:11:30.324] [main/DEBUG] [mixin/]: Instancing new MixinPlatformAgentMinecraftForge for ContainerHandleModLauncher.Resource(jei-1.16.5-7.7.1.150.jar:/data/mods/jei-1.16.5-7.7.1.150.jar)
[06Feb2026 23:11:30.324] [main/DEBUG] [mixin/]: MixinPlatformAgentMinecraftForge rejected container ContainerHandleModLauncher.Resource(jei-1.16.5-7.7.1.150.jar:/data/mods/jei-1.16.5-7.7.1.150.jar)
[06Feb2026 23:11:30.324] [main/DEBUG] [mixin/]: Instancing new MixinPlatformAgentDefault for ContainerHandleModLauncher.Resource(jei-1.16.5-7.7.1.150.jar:/data/mods/jei-1.16.5-7.7.1.150.jar)
[06Feb2026 23:11:30.325] [main/DEBUG] [mixin/]: MixinPlatformAgentDefault accepted container ContainerHandleModLauncher.Resource(jei-1.16.5-7.7.1.150.jar:/data/mods/jei-1.16.5-7.7.1.150.jar)
[06Feb2026 23:11:30.325] [main/DEBUG] [mixin/]: Processing prepare() for PlatformAgent[MixinPlatformAgentDefault:ContainerHandleModLauncher.Resource(jei-1.16.5-7.7.1.150.jar:/data/mods/jei-1.16.5-7.7.1.150.jar)]
[06Feb2026 23:11:30.325] [main/DEBUG] [mixin/]: Adding mixin platform agents for container ContainerHandleModLauncher.Resource(abnormals_core-1.16.5-3.3.0.jar:/data/mods/abnormals_core-1.16.5-3.3.0.jar)
[06Feb2026 23:11:30.325] [main/DEBUG] [mixin/]: Instancing new MixinPlatformAgentMinecraftForge for ContainerHandleModLauncher.Resource(abnormals_core-1.16.5-3.3.0.jar:/data/mods/abnormals_core-1.16.5-3.3.0.jar)
[06Feb2026 23:11:30.325] [main/DEBUG] [mixin/]: MixinPlatformAgentMinecraftForge rejected container ContainerHandleModLauncher.Resource(abnormals_core-1.16.5-3.3.0.jar:/data/mods/abnormals_core-1.16.5-3.3.0.jar)
[06Feb2026 23:11:30.325] [main/DEBUG] [mixin/]: Instancing new MixinPlatformAgentDefault for ContainerHandleModLauncher.Resource(abnormals_core-1.16.5-3.3.0.jar:/data/mods/abnormals_core-1.16.5-3.3.0.jar)
[06Feb2026 23:11:30.325] [main/DEBUG] [mixin/]: MixinPlatformAgentDefault accepted container ContainerHandleModLauncher.Resource(abnormals_core-1.16.5-3.3.0.jar:/data/mods/abnormals_core-1.16.5-3.3.0.jar)
[06Feb2026 23:11:30.325] [main/DEBUG] [mixin/]: Processing prepare() for PlatformAgent[MixinPlatformAgentDefault:ContainerHandleModLauncher.Resource(abnormals_core-1.16.5-3.3.0.jar:/data/mods/abnormals_core-1.16.5-3.3.0.jar)]
[06Feb2026 23:11:30.325] [main/DEBUG] [mixin/]: Registering mixin config: abnormals_core.mixins.json
[06Feb2026 23:11:30.332] [main/DEBUG] [mixin/]: Adding mixin platform agents for container ContainerHandleModLauncher.Resource(extraboats-1.16.5-2.1.1.jar:/data/mods/extraboats-1.16.5-2.1.1.jar)
[06Feb2026 23:11:30.332] [main/DEBUG] [mixin/]: Instancing new MixinPlatformAgentMinecraftForge for ContainerHandleModLauncher.Resource(extraboats-1.16.5-2.1.1.jar:/data/mods/extraboats-1.16.5-2.1.1.jar)
[06Feb2026 23:11:30.332] [main/DEBUG] [mixin/]: MixinPlatformAgentMinecraftForge rejected container ContainerHandleModLauncher.Resource(extraboats-1.16.5-2.1.1.jar:/data/mods/extraboats-1.16.5-2.1.1.jar)
[06Feb2026 23:11:30.332] [main/DEBUG] [mixin/]: Instancing new MixinPlatformAgentDefault for ContainerHandleModLauncher.Resource(extraboats-1.16.5-2.1.1.jar:/data/mods/extraboats-1.16.5-2.1.1.jar)
[06Feb2026 23:11:30.332] [main/DEBUG] [mixin/]: MixinPlatformAgentDefault accepted container ContainerHandleModLauncher.Resource(extraboats-1.16.5-2.1.1.jar:/data/mods/extraboats-1.16.5-2.1.1.jar)
[06Feb2026 23:11:30.332] [main/DEBUG] [mixin/]: Processing prepare() for PlatformAgent[MixinPlatformAgentDefault:ContainerHandleModLauncher.Resource(extraboats-1.16.5-2.1.1.jar:/data/mods/extraboats-1.16.5-2.1.1.jar)]
[06Feb2026 23:11:30.332] [main/DEBUG] [mixin/]: Registering mixin config: extraboats.mixins.json
[06Feb2026 23:11:30.339] [main/DEBUG] [mixin/]: Adding mixin platform agents for container ContainerHandleModLauncher.Resource(Space-BossTools-1.16.5-5.5d.jar:/data/mods/Space-BossTools-1.16.5-5.5d.jar)
[06Feb2026 23:11:30.339] [main/DEBUG] [mixin/]: Instancing new MixinPlatformAgentMinecraftForge for ContainerHandleModLauncher.Resource(Space-BossTools-1.16.5-5.5d.jar:/data/mods/Space-BossTools-1.16.5-5.5d.jar)
[06Feb2026 23:11:30.339] [main/DEBUG] [mixin/]: MixinPlatformAgentMinecraftForge rejected container ContainerHandleModLauncher.Resource(Space-BossTools-1.16.5-5.5d.jar:/data/mods/Space-BossTools-1.16.5-5.5d.jar)
[06Feb2026 23:11:30.339] [main/DEBUG] [mixin/]: Instancing new MixinPlatformAgentDefault for ContainerHandleModLauncher.Resource(Space-BossTools-1.16.5-5.5d.jar:/data/mods/Space-BossTools-1.16.5-5.5d.jar)
[06Feb2026 23:11:30.339] [main/DEBUG] [mixin/]: MixinPlatformAgentDefault accepted container ContainerHandleModLauncher.Resource(Space-BossTools-1.16.5-5.5d.jar:/data/mods/Space-BossTools-1.16.5-5.5d.jar)
[06Feb2026 23:11:30.340] [main/DEBUG] [mixin/]: Processing prepare() for PlatformAgent[MixinPlatformAgentDefault:ContainerHandleModLauncher.Resource(Space-BossTools-1.16.5-5.5d.jar:/data/mods/Space-BossTools-1.16.5-5.5d.jar)]
[06Feb2026 23:11:30.340] [main/DEBUG] [mixin/]: Registering mixin config: boss_tools.mixin.json
[06Feb2026 23:11:30.340] [main/ERROR] [mixin/]: Mixin config boss_tools.mixin.json does not specify "minVersion" property
[06Feb2026 23:11:30.341] [main/DEBUG] [mixin/]: Adding mixin platform agents for container ContainerHandleModLauncher.Resource(Borealis-1.1.6.jar:/data/mods/Borealis-1.1.6.jar)
[06Feb2026 23:11:30.341] [main/DEBUG] [mixin/]: Instancing new MixinPlatformAgentMinecraftForge for ContainerHandleModLauncher.Resource(Borealis-1.1.6.jar:/data/mods/Borealis-1.1.6.jar)
[06Feb2026 23:11:30.341] [main/DEBUG] [mixin/]: MixinPlatformAgentMinecraftForge rejected container ContainerHandleModLauncher.Resource(Borealis-1.1.6.jar:/data/mods/Borealis-1.1.6.jar)
[06Feb2026 23:11:30.341] [main/DEBUG] [mixin/]: Instancing new MixinPlatformAgentDefault for ContainerHandleModLauncher.Resource(Borealis-1.1.6.jar:/data/mods/Borealis-1.1.6.jar)
[06Feb2026 23:11:30.341] [main/DEBUG] [mixin/]: MixinPlatformAgentDefault accepted container ContainerHandleModLauncher.Resource(Borealis-1.1.6.jar:/data/mods/Borealis-1.1.6.jar)
[06Feb2026 23:11:30.341] [main/DEBUG] [mixin/]: Processing prepare() for PlatformAgent[MixinPlatformAgentDefault:ContainerHandleModLauncher.Resource(Borealis-1.1.6.jar:/data/mods/Borealis-1.1.6.jar)]
[06Feb2026 23:11:30.341] [main/DEBUG] [mixin/]: Adding mixin platform agents for container ContainerHandleModLauncher.Resource(Waystones_1.16.5-7.4.0.jar:/data/mods/Waystones_1.16.5-7.4.0.jar)
[06Feb2026 23:11:30.341] [main/DEBUG] [mixin/]: Instancing new MixinPlatformAgentMinecraftForge for ContainerHandleModLauncher.Resource(Waystones_1.16.5-7.4.0.jar:/data/mods/Waystones_1.16.5-7.4.0.jar)
[06Feb2026 23:11:30.341] [main/DEBUG] [mixin/]: MixinPlatformAgentMinecraftForge rejected container ContainerHandleModLauncher.Resource(Waystones_1.16.5-7.4.0.jar:/data/mods/Waystones_1.16.5-7.4.0.jar)
[06Feb2026 23:11:30.341] [main/DEBUG] [mixin/]: Instancing new MixinPlatformAgentDefault for ContainerHandleModLauncher.Resource(Waystones_1.16.5-7.4.0.jar:/data/mods/Waystones_1.16.5-7.4.0.jar)
[06Feb2026 23:11:30.342] [main/DEBUG] [mixin/]: MixinPlatformAgentDefault accepted container ContainerHandleModLauncher.Resource(Waystones_1.16.5-7.4.0.jar:/data/mods/Waystones_1.16.5-7.4.0.jar)
[06Feb2026 23:11:30.342] [main/DEBUG] [mixin/]: Processing prepare() for PlatformAgent[MixinPlatformAgentDefault:ContainerHandleModLauncher.Resource(Waystones_1.16.5-7.4.0.jar:/data/mods/Waystones_1.16.5-7.4.0.jar)]
[06Feb2026 23:11:30.342] [main/DEBUG] [mixin/]: Adding mixin platform agents for container ContainerHandleModLauncher.Resource(journeymap-1.16.5-5.7.1.jar:/data/mods/journeymap-1.16.5-5.7.1.jar)
[06Feb2026 23:11:30.342] [main/DEBUG] [mixin/]: Instancing new MixinPlatformAgentMinecraftForge for ContainerHandleModLauncher.Resource(journeymap-1.16.5-5.7.1.jar:/data/mods/journeymap-1.16.5-5.7.1.jar)
[06Feb2026 23:11:30.342] [main/DEBUG] [mixin/]: MixinPlatformAgentMinecraftForge rejected container ContainerHandleModLauncher.Resource(journeymap-1.16.5-5.7.1.jar:/data/mods/journeymap-1.16.5-5.7.1.jar)
[06Feb2026 23:11:30.342] [main/DEBUG] [mixin/]: Instancing new MixinPlatformAgentDefault for ContainerHandleModLauncher.Resource(journeymap-1.16.5-5.7.1.jar:/data/mods/journeymap-1.16.5-5.7.1.jar)
[06Feb2026 23:11:30.342] [main/DEBUG] [mixin/]: MixinPlatformAgentDefault accepted container ContainerHandleModLauncher.Resource(journeymap-1.16.5-5.7.1.jar:/data/mods/journeymap-1.16.5-5.7.1.jar)
[06Feb2026 23:11:30.342] [main/DEBUG] [mixin/]: Processing prepare() for PlatformAgent[MixinPlatformAgentDefault:ContainerHandleModLauncher.Resource(journeymap-1.16.5-5.7.1.jar:/data/mods/journeymap-1.16.5-5.7.1.jar)]
[06Feb2026 23:11:30.342] [main/DEBUG] [mixin/]: Adding mixin platform agents for container ContainerHandleModLauncher.Resource(comforts-forge-1.16.5-4.0.1.5.jar:/data/mods/comforts-forge-1.16.5-4.0.1.5.jar)
[06Feb2026 23:11:30.342] [main/DEBUG] [mixin/]: Instancing new MixinPlatformAgentMinecraftForge for ContainerHandleModLauncher.Resource(comforts-forge-1.16.5-4.0.1.5.jar:/data/mods/comforts-forge-1.16.5-4.0.1.5.jar)
[06Feb2026 23:11:30.342] [main/DEBUG] [mixin/]: MixinPlatformAgentMinecraftForge rejected container ContainerHandleModLauncher.Resource(comforts-forge-1.16.5-4.0.1.5.jar:/data/mods/comforts-forge-1.16.5-4.0.1.5.jar)
[06Feb2026 23:11:30.342] [main/DEBUG] [mixin/]: Instancing new MixinPlatformAgentDefault for ContainerHandleModLauncher.Resource(comforts-forge-1.16.5-4.0.1.5.jar:/data/mods/comforts-forge-1.16.5-4.0.1.5.jar)
[06Feb2026 23:11:30.342] [main/DEBUG] [mixin/]: MixinPlatformAgentDefault accepted container ContainerHandleModLauncher.Resource(comforts-forge-1.16.5-4.0.1.5.jar:/data/mods/comforts-forge-1.16.5-4.0.1.5.jar)
[06Feb2026 23:11:30.342] [main/DEBUG] [mixin/]: Processing prepare() for PlatformAgent[MixinPlatformAgentDefault:ContainerHandleModLauncher.Resource(comforts-forge-1.16.5-4.0.1.5.jar:/data/mods/comforts-forge-1.16.5-4.0.1.5.jar)]
[06Feb2026 23:11:30.342] [main/DEBUG] [mixin/]: Adding mixin platform agents for container ContainerHandleModLauncher.Resource(configured-1.5.3-1.16.5.jar:/data/mods/configured-1.5.3-1.16.5.jar)
[06Feb2026 23:11:30.342] [main/DEBUG] [mixin/]: Instancing new MixinPlatformAgentMinecraftForge for ContainerHandleModLauncher.Resource(configured-1.5.3-1.16.5.jar:/data/mods/configured-1.5.3-1.16.5.jar)
[06Feb2026 23:11:30.343] [main/DEBUG] [mixin/]: MixinPlatformAgentMinecraftForge rejected container ContainerHandleModLauncher.Resource(configured-1.5.3-1.16.5.jar:/data/mods/configured-1.5.3-1.16.5.jar)
[06Feb2026 23:11:30.343] [main/DEBUG] [mixin/]: Instancing new MixinPlatformAgentDefault for ContainerHandleModLauncher.Resource(configured-1.5.3-1.16.5.jar:/data/mods/configured-1.5.3-1.16.5.jar)
[06Feb2026 23:11:30.343] [main/DEBUG] [mixin/]: MixinPlatformAgentDefault accepted container ContainerHandleModLauncher.Resource(configured-1.5.3-1.16.5.jar:/data/mods/configured-1.5.3-1.16.5.jar)
[06Feb2026 23:11:30.343] [main/DEBUG] [mixin/]: Processing prepare() for PlatformAgent[MixinPlatformAgentDefault:ContainerHandleModLauncher.Resource(configured-1.5.3-1.16.5.jar:/data/mods/configured-1.5.3-1.16.5.jar)]
[06Feb2026 23:11:30.343] [main/DEBUG] [mixin/]: Adding mixin platform agents for container ContainerHandleModLauncher.Resource(YungsApi-1.16.4-Forge-13.jar:/data/mods/YungsApi-1.16.4-Forge-13.jar)
[06Feb2026 23:11:30.343] [main/DEBUG] [mixin/]: Instancing new MixinPlatformAgentMinecraftForge for ContainerHandleModLauncher.Resource(YungsApi-1.16.4-Forge-13.jar:/data/mods/YungsApi-1.16.4-Forge-13.jar)
[06Feb2026 23:11:30.343] [main/DEBUG] [mixin/]: MixinPlatformAgentMinecraftForge rejected container ContainerHandleModLauncher.Resource(YungsApi-1.16.4-Forge-13.jar:/data/mods/YungsApi-1.16.4-Forge-13.jar)
[06Feb2026 23:11:30.343] [main/DEBUG] [mixin/]: Instancing new MixinPlatformAgentDefault for ContainerHandleModLauncher.Resource(YungsApi-1.16.4-Forge-13.jar:/data/mods/YungsApi-1.16.4-Forge-13.jar)
[06Feb2026 23:11:30.343] [main/DEBUG] [mixin/]: MixinPlatformAgentDefault accepted container ContainerHandleModLauncher.Resource(YungsApi-1.16.4-Forge-13.jar:/data/mods/YungsApi-1.16.4-Forge-13.jar)
[06Feb2026 23:11:30.344] [main/DEBUG] [mixin/]: Processing prepare() for PlatformAgent[MixinPlatformAgentDefault:ContainerHandleModLauncher.Resource(YungsApi-1.16.4-Forge-13.jar:/data/mods/YungsApi-1.16.4-Forge-13.jar)]
[06Feb2026 23:11:30.344] [main/DEBUG] [mixin/]: Registering mixin config: yungsapi.mixins.json
[06Feb2026 23:11:30.345] [main/DEBUG] [mixin/]: Adding mixin platform agents for container ContainerHandleModLauncher.Resource(environmental-1.16.5-1.1.1.jar:/data/mods/environmental-1.16.5-1.1.1.jar)
[06Feb2026 23:11:30.345] [main/DEBUG] [mixin/]: Instancing new MixinPlatformAgentMinecraftForge for ContainerHandleModLauncher.Resource(environmental-1.16.5-1.1.1.jar:/data/mods/environmental-1.16.5-1.1.1.jar)
[06Feb2026 23:11:30.345] [main/DEBUG] [mixin/]: MixinPlatformAgentMinecraftForge rejected container ContainerHandleModLauncher.Resource(environmental-1.16.5-1.1.1.jar:/data/mods/environmental-1.16.5-1.1.1.jar)
[06Feb2026 23:11:30.346] [main/DEBUG] [mixin/]: Instancing new MixinPlatformAgentDefault for ContainerHandleModLauncher.Resource(environmental-1.16.5-1.1.1.jar:/data/mods/environmental-1.16.5-1.1.1.jar)
[06Feb2026 23:11:30.346] [main/DEBUG] [mixin/]: MixinPlatformAgentDefault accepted container ContainerHandleModLauncher.Resource(environmental-1.16.5-1.1.1.jar:/data/mods/environmental-1.16.5-1.1.1.jar)
[06Feb2026 23:11:30.346] [main/DEBUG] [mixin/]: Processing prepare() for PlatformAgent[MixinPlatformAgentDefault:ContainerHandleModLauncher.Resource(environmental-1.16.5-1.1.1.jar:/data/mods/environmental-1.16.5-1.1.1.jar)]
[06Feb2026 23:11:30.346] [main/DEBUG] [mixin/]: Registering mixin config: environmental.mixins.json
[06Feb2026 23:11:30.348] [main/DEBUG] [mixin/]: Adding mixin platform agents for container ContainerHandleModLauncher.Resource(betteranimalsplus-1.16.5-11.0.8-forge.jar:/data/mods/betteranimalsplus-1.16.5-11.0.8-forge.jar)
[06Feb2026 23:11:30.348] [main/DEBUG] [mixin/]: Instancing new MixinPlatformAgentMinecraftForge for ContainerHandleModLauncher.Resource(betteranimalsplus-1.16.5-11.0.8-forge.jar:/data/mods/betteranimalsplus-1.16.5-11.0.8-forge.jar)
[06Feb2026 23:11:30.348] [main/DEBUG] [mixin/]: MixinPlatformAgentMinecraftForge rejected container ContainerHandleModLauncher.Resource(betteranimalsplus-1.16.5-11.0.8-forge.jar:/data/mods/betteranimalsplus-1.16.5-11.0.8-forge.jar)
[06Feb2026 23:11:30.348] [main/DEBUG] [mixin/]: Instancing new MixinPlatformAgentDefault for ContainerHandleModLauncher.Resource(betteranimalsplus-1.16.5-11.0.8-forge.jar:/data/mods/betteranimalsplus-1.16.5-11.0.8-forge.jar)
[06Feb2026 23:11:30.348] [main/DEBUG] [mixin/]: MixinPlatformAgentDefault accepted container ContainerHandleModLauncher.Resource(betteranimalsplus-1.16.5-11.0.8-forge.jar:/data/mods/betteranimalsplus-1.16.5-11.0.8-forge.jar)
[06Feb2026 23:11:30.348] [main/DEBUG] [mixin/]: Processing prepare() for PlatformAgent[MixinPlatformAgentDefault:ContainerHandleModLauncher.Resource(betteranimalsplus-1.16.5-11.0.8-forge.jar:/data/mods/betteranimalsplus-1.16.5-11.0.8-forge.jar)]
[06Feb2026 23:11:30.348] [main/DEBUG] [mixin/]: Registering mixin config: mixin.imdlib-betteranimalsplus.json
[06Feb2026 23:11:30.349] [main/DEBUG] [mixin/]: Registering mixin config: betteranimalsplus.mixins.json
[06Feb2026 23:11:30.356] [main/DEBUG] [mixin/]: Adding mixin platform agents for container ContainerHandleModLauncher.Resource(bamboo_blocks-1.16.5-3.0.1.jar:/data/mods/bamboo_blocks-1.16.5-3.0.1.jar)
[06Feb2026 23:11:30.356] [main/DEBUG] [mixin/]: Instancing new MixinPlatformAgentMinecraftForge for ContainerHandleModLauncher.Resource(bamboo_blocks-1.16.5-3.0.1.jar:/data/mods/bamboo_blocks-1.16.5-3.0.1.jar)
[06Feb2026 23:11:30.356] [main/DEBUG] [mixin/]: MixinPlatformAgentMinecraftForge rejected container ContainerHandleModLauncher.Resource(bamboo_blocks-1.16.5-3.0.1.jar:/data/mods/bamboo_blocks-1.16.5-3.0.1.jar)
[06Feb2026 23:11:30.356] [main/DEBUG] [mixin/]: Instancing new MixinPlatformAgentDefault for ContainerHandleModLauncher.Resource(bamboo_blocks-1.16.5-3.0.1.jar:/data/mods/bamboo_blocks-1.16.5-3.0.1.jar)
[06Feb2026 23:11:30.356] [main/DEBUG] [mixin/]: MixinPlatformAgentDefault accepted container ContainerHandleModLauncher.Resource(bamboo_blocks-1.16.5-3.0.1.jar:/data/mods/bamboo_blocks-1.16.5-3.0.1.jar)
[06Feb2026 23:11:30.356] [main/DEBUG] [mixin/]: Processing prepare() for PlatformAgent[MixinPlatformAgentDefault:ContainerHandleModLauncher.Resource(bamboo_blocks-1.16.5-3.0.1.jar:/data/mods/bamboo_blocks-1.16.5-3.0.1.jar)]
[06Feb2026 23:11:30.356] [main/DEBUG] [mixin/]: Adding mixin platform agents for container ContainerHandleModLauncher.Resource(buildinggadgets-1.16.5-3.8.0.jar:/data/mods/buildinggadgets-1.16.5-3.8.0.jar)
[06Feb2026 23:11:30.356] [main/DEBUG] [mixin/]: Instancing new MixinPlatformAgentMinecraftForge for ContainerHandleModLauncher.Resource(buildinggadgets-1.16.5-3.8.0.jar:/data/mods/buildinggadgets-1.16.5-3.8.0.jar)
[06Feb2026 23:11:30.356] [main/DEBUG] [mixin/]: MixinPlatformAgentMinecraftForge rejected container ContainerHandleModLauncher.Resource(buildinggadgets-1.16.5-3.8.0.jar:/data/mods/buildinggadgets-1.16.5-3.8.0.jar)
[06Feb2026 23:11:30.356] [main/DEBUG] [mixin/]: Instancing new MixinPlatformAgentDefault for ContainerHandleModLauncher.Resource(buildinggadgets-1.16.5-3.8.0.jar:/data/mods/buildinggadgets-1.16.5-3.8.0.jar)
[06Feb2026 23:11:30.356] [main/DEBUG] [mixin/]: MixinPlatformAgentDefault accepted container ContainerHandleModLauncher.Resource(buildinggadgets-1.16.5-3.8.0.jar:/data/mods/buildinggadgets-1.16.5-3.8.0.jar)
[06Feb2026 23:11:30.356] [main/DEBUG] [mixin/]: Processing prepare() for PlatformAgent[MixinPlatformAgentDefault:ContainerHandleModLauncher.Resource(buildinggadgets-1.16.5-3.8.0.jar:/data/mods/buildinggadgets-1.16.5-3.8.0.jar)]
[06Feb2026 23:11:30.356] [main/DEBUG] [mixin/]: Adding mixin platform agents for container ContainerHandleModLauncher.Resource(simpleplanes-1.16.5-4.6.0.jar:/data/mods/simpleplanes-1.16.5-4.6.0.jar)
[06Feb2026 23:11:30.357] [main/DEBUG] [mixin/]: Instancing new MixinPlatformAgentMinecraftForge for ContainerHandleModLauncher.Resource(simpleplanes-1.16.5-4.6.0.jar:/data/mods/simpleplanes-1.16.5-4.6.0.jar)
[06Feb2026 23:11:30.357] [main/DEBUG] [mixin/]: MixinPlatformAgentMinecraftForge rejected container ContainerHandleModLauncher.Resource(simpleplanes-1.16.5-4.6.0.jar:/data/mods/simpleplanes-1.16.5-4.6.0.jar)
[06Feb2026 23:11:30.357] [main/DEBUG] [mixin/]: Instancing new MixinPlatformAgentDefault for ContainerHandleModLauncher.Resource(simpleplanes-1.16.5-4.6.0.jar:/data/mods/simpleplanes-1.16.5-4.6.0.jar)
[06Feb2026 23:11:30.357] [main/DEBUG] [mixin/]: MixinPlatformAgentDefault accepted container ContainerHandleModLauncher.Resource(simpleplanes-1.16.5-4.6.0.jar:/data/mods/simpleplanes-1.16.5-4.6.0.jar)
[06Feb2026 23:11:30.357] [main/DEBUG] [mixin/]: Processing prepare() for PlatformAgent[MixinPlatformAgentDefault:ContainerHandleModLauncher.Resource(simpleplanes-1.16.5-4.6.0.jar:/data/mods/simpleplanes-1.16.5-4.6.0.jar)]
[06Feb2026 23:11:30.357] [main/DEBUG] [mixin/]: Registering mixin config: simpleplanes.mixins.json
[06Feb2026 23:11:30.358] [main/DEBUG] [mixin/]: Adding mixin platform agents for container ContainerHandleModLauncher.Resource(Immersive Vehicles-1.16.5-22.17.0.jar:/data/mods/Immersive Vehicles-1.16.5-22.17.0.jar)
[06Feb2026 23:11:30.359] [main/DEBUG] [mixin/]: Instancing new MixinPlatformAgentMinecraftForge for ContainerHandleModLauncher.Resource(Immersive Vehicles-1.16.5-22.17.0.jar:/data/mods/Immersive Vehicles-1.16.5-22.17.0.jar)
[06Feb2026 23:11:30.359] [main/DEBUG] [mixin/]: MixinPlatformAgentMinecraftForge rejected container ContainerHandleModLauncher.Resource(Immersive Vehicles-1.16.5-22.17.0.jar:/data/mods/Immersive Vehicles-1.16.5-22.17.0.jar)
[06Feb2026 23:11:30.359] [main/DEBUG] [mixin/]: Instancing new MixinPlatformAgentDefault for ContainerHandleModLauncher.Resource(Immersive Vehicles-1.16.5-22.17.0.jar:/data/mods/Immersive Vehicles-1.16.5-22.17.0.jar)
[06Feb2026 23:11:30.359] [main/DEBUG] [mixin/]: MixinPlatformAgentDefault accepted container ContainerHandleModLauncher.Resource(Immersive Vehicles-1.16.5-22.17.0.jar:/data/mods/Immersive Vehicles-1.16.5-22.17.0.jar)
[06Feb2026 23:11:30.359] [main/DEBUG] [mixin/]: Processing prepare() for PlatformAgent[MixinPlatformAgentDefault:ContainerHandleModLauncher.Resource(Immersive Vehicles-1.16.5-22.17.0.jar:/data/mods/Immersive Vehicles-1.16.5-22.17.0.jar)]
[06Feb2026 23:11:30.359] [main/DEBUG] [mixin/]: Registering mixin config: mts.mixins.json
[06Feb2026 23:11:30.360] [main/DEBUG] [mixin/]: Adding mixin platform agents for container ContainerHandleModLauncher.Resource(catalogue-1.6.1-1.16.5.jar:/data/mods/catalogue-1.6.1-1.16.5.jar)
[06Feb2026 23:11:30.360] [main/DEBUG] [mixin/]: Instancing new MixinPlatformAgentMinecraftForge for ContainerHandleModLauncher.Resource(catalogue-1.6.1-1.16.5.jar:/data/mods/catalogue-1.6.1-1.16.5.jar)
[06Feb2026 23:11:30.360] [main/DEBUG] [mixin/]: MixinPlatformAgentMinecraftForge rejected container ContainerHandleModLauncher.Resource(catalogue-1.6.1-1.16.5.jar:/data/mods/catalogue-1.6.1-1.16.5.jar)
[06Feb2026 23:11:30.360] [main/DEBUG] [mixin/]: Instancing new MixinPlatformAgentDefault for ContainerHandleModLauncher.Resource(catalogue-1.6.1-1.16.5.jar:/data/mods/catalogue-1.6.1-1.16.5.jar)
[06Feb2026 23:11:30.360] [main/DEBUG] [mixin/]: MixinPlatformAgentDefault accepted container ContainerHandleModLauncher.Resource(catalogue-1.6.1-1.16.5.jar:/data/mods/catalogue-1.6.1-1.16.5.jar)
[06Feb2026 23:11:30.360] [main/DEBUG] [mixin/]: Processing prepare() for PlatformAgent[MixinPlatformAgentDefault:ContainerHandleModLauncher.Resource(catalogue-1.6.1-1.16.5.jar:/data/mods/catalogue-1.6.1-1.16.5.jar)]
[06Feb2026 23:11:30.360] [main/DEBUG] [mixin/]: Adding mixin platform agents for container ContainerHandleModLauncher.Resource(iChunUtil-1.16.5-10.7.0.jar:/data/mods/iChunUtil-1.16.5-10.7.0.jar)
[06Feb2026 23:11:30.361] [main/DEBUG] [mixin/]: Instancing new MixinPlatformAgentMinecraftForge for ContainerHandleModLauncher.Resource(iChunUtil-1.16.5-10.7.0.jar:/data/mods/iChunUtil-1.16.5-10.7.0.jar)
[06Feb2026 23:11:30.361] [main/DEBUG] [mixin/]: MixinPlatformAgentMinecraftForge rejected container ContainerHandleModLauncher.Resource(iChunUtil-1.16.5-10.7.0.jar:/data/mods/iChunUtil-1.16.5-10.7.0.jar)
[06Feb2026 23:11:30.361] [main/DEBUG] [mixin/]: Instancing new MixinPlatformAgentDefault for ContainerHandleModLauncher.Resource(iChunUtil-1.16.5-10.7.0.jar:/data/mods/iChunUtil-1.16.5-10.7.0.jar)
[06Feb2026 23:11:30.361] [main/DEBUG] [mixin/]: MixinPlatformAgentDefault accepted container ContainerHandleModLauncher.Resource(iChunUtil-1.16.5-10.7.0.jar:/data/mods/iChunUtil-1.16.5-10.7.0.jar)
[06Feb2026 23:11:30.362] [main/DEBUG] [mixin/]: Processing prepare() for PlatformAgent[MixinPlatformAgentDefault:ContainerHandleModLauncher.Resource(iChunUtil-1.16.5-10.7.0.jar:/data/mods/iChunUtil-1.16.5-10.7.0.jar)]
[06Feb2026 23:11:30.363] [main/DEBUG] [mixin/]: Adding mixin platform agents for container ContainerHandleModLauncher.Resource(ImmersivePetroleum-1.16.5-3.3.0-11.jar:/data/mods/ImmersivePetroleum-1.16.5-3.3.0-11.jar)
[06Feb2026 23:11:30.363] [main/DEBUG] [mixin/]: Instancing new MixinPlatformAgentMinecraftForge for ContainerHandleModLauncher.Resource(ImmersivePetroleum-1.16.5-3.3.0-11.jar:/data/mods/ImmersivePetroleum-1.16.5-3.3.0-11.jar)
[06Feb2026 23:11:30.363] [main/DEBUG] [mixin/]: MixinPlatformAgentMinecraftForge rejected container ContainerHandleModLauncher.Resource(ImmersivePetroleum-1.16.5-3.3.0-11.jar:/data/mods/ImmersivePetroleum-1.16.5-3.3.0-11.jar)
[06Feb2026 23:11:30.363] [main/DEBUG] [mixin/]: Instancing new MixinPlatformAgentDefault for ContainerHandleModLauncher.Resource(ImmersivePetroleum-1.16.5-3.3.0-11.jar:/data/mods/ImmersivePetroleum-1.16.5-3.3.0-11.jar)
[06Feb2026 23:11:30.363] [main/DEBUG] [mixin/]: MixinPlatformAgentDefault accepted container ContainerHandleModLauncher.Resource(ImmersivePetroleum-1.16.5-3.3.0-11.jar:/data/mods/ImmersivePetroleum-1.16.5-3.3.0-11.jar)
[06Feb2026 23:11:30.363] [main/DEBUG] [mixin/]: Processing prepare() for PlatformAgent[MixinPlatformAgentDefault:ContainerHandleModLauncher.Resource(ImmersivePetroleum-1.16.5-3.3.0-11.jar:/data/mods/ImmersivePetroleum-1.16.5-3.3.0-11.jar)]
[06Feb2026 23:11:30.363] [main/DEBUG] [mixin/]: Adding mixin platform agents for container ContainerHandleModLauncher.Resource(forge-1.16.5-36.2.34-universal.jar:/data/libraries/net/minecraftforge/forge/1.16.5-36.2.34/forge-1.16.5-36.2.34-universal.jar)
[06Feb2026 23:11:30.363] [main/DEBUG] [mixin/]: Instancing new MixinPlatformAgentMinecraftForge for ContainerHandleModLauncher.Resource(forge-1.16.5-36.2.34-universal.jar:/data/libraries/net/minecraftforge/forge/1.16.5-36.2.34/forge-1.16.5-36.2.34-universal.jar)
[06Feb2026 23:11:30.363] [main/DEBUG] [mixin/]: MixinPlatformAgentMinecraftForge rejected container ContainerHandleModLauncher.Resource(forge-1.16.5-36.2.34-universal.jar:/data/libraries/net/minecraftforge/forge/1.16.5-36.2.34/forge-1.16.5-36.2.34-universal.jar)
[06Feb2026 23:11:30.363] [main/DEBUG] [mixin/]: Instancing new MixinPlatformAgentDefault for ContainerHandleModLauncher.Resource(forge-1.16.5-36.2.34-universal.jar:/data/libraries/net/minecraftforge/forge/1.16.5-36.2.34/forge-1.16.5-36.2.34-universal.jar)
[06Feb2026 23:11:30.363] [main/DEBUG] [mixin/]: MixinPlatformAgentDefault accepted container ContainerHandleModLauncher.Resource(forge-1.16.5-36.2.34-universal.jar:/data/libraries/net/minecraftforge/forge/1.16.5-36.2.34/forge-1.16.5-36.2.34-universal.jar)
[06Feb2026 23:11:30.363] [main/DEBUG] [mixin/]: Processing prepare() for PlatformAgent[MixinPlatformAgentDefault:ContainerHandleModLauncher.Resource(forge-1.16.5-36.2.34-universal.jar:/data/libraries/net/minecraftforge/forge/1.16.5-36.2.34/forge-1.16.5-36.2.34-universal.jar)]
[06Feb2026 23:11:30.363] [main/DEBUG] [mixin/]: Adding mixin platform agents for container ContainerHandleModLauncher.Resource(TravelersTitles-1.16.4-1.5.jar:/data/mods/TravelersTitles-1.16.4-1.5.jar)
[06Feb2026 23:11:30.363] [main/DEBUG] [mixin/]: Instancing new MixinPlatformAgentMinecraftForge for ContainerHandleModLauncher.Resource(TravelersTitles-1.16.4-1.5.jar:/data/mods/TravelersTitles-1.16.4-1.5.jar)
[06Feb2026 23:11:30.363] [main/DEBUG] [mixin/]: MixinPlatformAgentMinecraftForge rejected container ContainerHandleModLauncher.Resource(TravelersTitles-1.16.4-1.5.jar:/data/mods/TravelersTitles-1.16.4-1.5.jar)
[06Feb2026 23:11:30.363] [main/DEBUG] [mixin/]: Instancing new MixinPlatformAgentDefault for ContainerHandleModLauncher.Resource(TravelersTitles-1.16.4-1.5.jar:/data/mods/TravelersTitles-1.16.4-1.5.jar)
[06Feb2026 23:11:30.363] [main/DEBUG] [mixin/]: MixinPlatformAgentDefault accepted container ContainerHandleModLauncher.Resource(TravelersTitles-1.16.4-1.5.jar:/data/mods/TravelersTitles-1.16.4-1.5.jar)
[06Feb2026 23:11:30.364] [main/DEBUG] [mixin/]: Processing prepare() for PlatformAgent[MixinPlatformAgentDefault:ContainerHandleModLauncher.Resource(TravelersTitles-1.16.4-1.5.jar:/data/mods/TravelersTitles-1.16.4-1.5.jar)]
[06Feb2026 23:11:30.364] [main/DEBUG] [mixin/]: Adding mixin platform agents for container ContainerHandleModLauncher.Resource(Morph-1.16.5-10.2.1.jar:/data/mods/Morph-1.16.5-10.2.1.jar)
[06Feb2026 23:11:30.364] [main/DEBUG] [mixin/]: Instancing new MixinPlatformAgentMinecraftForge for ContainerHandleModLauncher.Resource(Morph-1.16.5-10.2.1.jar:/data/mods/Morph-1.16.5-10.2.1.jar)
[06Feb2026 23:11:30.364] [main/DEBUG] [mixin/]: MixinPlatformAgentMinecraftForge rejected container ContainerHandleModLauncher.Resource(Morph-1.16.5-10.2.1.jar:/data/mods/Morph-1.16.5-10.2.1.jar)
[06Feb2026 23:11:30.364] [main/DEBUG] [mixin/]: Instancing new MixinPlatformAgentDefault for ContainerHandleModLauncher.Resource(Morph-1.16.5-10.2.1.jar:/data/mods/Morph-1.16.5-10.2.1.jar)
[06Feb2026 23:11:30.364] [main/DEBUG] [mixin/]: MixinPlatformAgentDefault accepted container ContainerHandleModLauncher.Resource(Morph-1.16.5-10.2.1.jar:/data/mods/Morph-1.16.5-10.2.1.jar)
[06Feb2026 23:11:30.364] [main/DEBUG] [mixin/]: Processing prepare() for PlatformAgent[MixinPlatformAgentDefault:ContainerHandleModLauncher.Resource(Morph-1.16.5-10.2.1.jar:/data/mods/Morph-1.16.5-10.2.1.jar)]
[06Feb2026 23:11:30.364] [main/DEBUG] [mixin/]: Registering mixin config: morph.mixins.json
[06Feb2026 23:11:30.366] [main/DEBUG] [mixin/]: Adding mixin platform agents for container ContainerHandleModLauncher.Resource(immersiveposts-1.16.5-4.1.0.jar:/data/mods/immersiveposts-1.16.5-4.1.0.jar)
[06Feb2026 23:11:30.366] [main/DEBUG] [mixin/]: Instancing new MixinPlatformAgentMinecraftForge for ContainerHandleModLauncher.Resource(immersiveposts-1.16.5-4.1.0.jar:/data/mods/immersiveposts-1.16.5-4.1.0.jar)
[06Feb2026 23:11:30.366] [main/DEBUG] [mixin/]: MixinPlatformAgentMinecraftForge rejected container ContainerHandleModLauncher.Resource(immersiveposts-1.16.5-4.1.0.jar:/data/mods/immersiveposts-1.16.5-4.1.0.jar)
[06Feb2026 23:11:30.366] [main/DEBUG] [mixin/]: Instancing new MixinPlatformAgentDefault for ContainerHandleModLauncher.Resource(immersiveposts-1.16.5-4.1.0.jar:/data/mods/immersiveposts-1.16.5-4.1.0.jar)
[06Feb2026 23:11:30.366] [main/DEBUG] [mixin/]: MixinPlatformAgentDefault accepted container ContainerHandleModLauncher.Resource(immersiveposts-1.16.5-4.1.0.jar:/data/mods/immersiveposts-1.16.5-4.1.0.jar)
[06Feb2026 23:11:30.366] [main/DEBUG] [mixin/]: Processing prepare() for PlatformAgent[MixinPlatformAgentDefault:ContainerHandleModLauncher.Resource(immersiveposts-1.16.5-4.1.0.jar:/data/mods/immersiveposts-1.16.5-4.1.0.jar)]
[06Feb2026 23:11:30.366] [main/DEBUG] [mixin/]: Adding mixin platform agents for container ContainerHandleModLauncher.Resource(forge-1.16.5-36.2.34-server.jar:/data/libraries/net/minecraftforge/forge/1.16.5-36.2.34/forge-1.16.5-36.2.34-server.jar)
[06Feb2026 23:11:30.366] [main/DEBUG] [mixin/]: Instancing new MixinPlatformAgentMinecraftForge for ContainerHandleModLauncher.Resource(forge-1.16.5-36.2.34-server.jar:/data/libraries/net/minecraftforge/forge/1.16.5-36.2.34/forge-1.16.5-36.2.34-server.jar)
[06Feb2026 23:11:30.366] [main/DEBUG] [mixin/]: MixinPlatformAgentMinecraftForge rejected container ContainerHandleModLauncher.Resource(forge-1.16.5-36.2.34-server.jar:/data/libraries/net/minecraftforge/forge/1.16.5-36.2.34/forge-1.16.5-36.2.34-server.jar)
[06Feb2026 23:11:30.366] [main/DEBUG] [mixin/]: Instancing new MixinPlatformAgentDefault for ContainerHandleModLauncher.Resource(forge-1.16.5-36.2.34-server.jar:/data/libraries/net/minecraftforge/forge/1.16.5-36.2.34/forge-1.16.5-36.2.34-server.jar)
[06Feb2026 23:11:30.366] [main/DEBUG] [mixin/]: MixinPlatformAgentDefault accepted container ContainerHandleModLauncher.Resource(forge-1.16.5-36.2.34-server.jar:/data/libraries/net/minecraftforge/forge/1.16.5-36.2.34/forge-1.16.5-36.2.34-server.jar)
[06Feb2026 23:11:30.367] [main/DEBUG] [mixin/]: Processing prepare() for PlatformAgent[MixinPlatformAgentDefault:ContainerHandleModLauncher.Resource(forge-1.16.5-36.2.34-server.jar:/data/libraries/net/minecraftforge/forge/1.16.5-36.2.34/forge-1.16.5-36.2.34-server.jar)]
[06Feb2026 23:11:30.367] [main/DEBUG] [mixin/]: Adding mixin platform agents for container ContainerHandleModLauncher.Resource(upgrade_aquatic-1.16.5-3.1.2.jar:/data/mods/upgrade_aquatic-1.16.5-3.1.2.jar)
[06Feb2026 23:11:30.367] [main/DEBUG] [mixin/]: Instancing new MixinPlatformAgentMinecraftForge for ContainerHandleModLauncher.Resource(upgrade_aquatic-1.16.5-3.1.2.jar:/data/mods/upgrade_aquatic-1.16.5-3.1.2.jar)
[06Feb2026 23:11:30.367] [main/DEBUG] [mixin/]: MixinPlatformAgentMinecraftForge rejected container ContainerHandleModLauncher.Resource(upgrade_aquatic-1.16.5-3.1.2.jar:/data/mods/upgrade_aquatic-1.16.5-3.1.2.jar)
[06Feb2026 23:11:30.367] [main/DEBUG] [mixin/]: Instancing new MixinPlatformAgentDefault for ContainerHandleModLauncher.Resource(upgrade_aquatic-1.16.5-3.1.2.jar:/data/mods/upgrade_aquatic-1.16.5-3.1.2.jar)
[06Feb2026 23:11:30.367] [main/DEBUG] [mixin/]: MixinPlatformAgentDefault accepted container ContainerHandleModLauncher.Resource(upgrade_aquatic-1.16.5-3.1.2.jar:/data/mods/upgrade_aquatic-1.16.5-3.1.2.jar)
[06Feb2026 23:11:30.367] [main/DEBUG] [mixin/]: Processing prepare() for PlatformAgent[MixinPlatformAgentDefault:ContainerHandleModLauncher.Resource(upgrade_aquatic-1.16.5-3.1.2.jar:/data/mods/upgrade_aquatic-1.16.5-3.1.2.jar)]
[06Feb2026 23:11:30.367] [main/DEBUG] [mixin/]: Registering mixin config: upgrade_aquatic.mixins.json
[06Feb2026 23:11:30.369] [main/DEBUG] [mixin/]: Adding mixin platform agents for container ContainerHandleModLauncher.Resource(TConstruct-1.16.5-3.3.4.335.jar:/data/mods/TConstruct-1.16.5-3.3.4.335.jar)
[06Feb2026 23:11:30.369] [main/DEBUG] [mixin/]: Instancing new MixinPlatformAgentMinecraftForge for ContainerHandleModLauncher.Resource(TConstruct-1.16.5-3.3.4.335.jar:/data/mods/TConstruct-1.16.5-3.3.4.335.jar)
[06Feb2026 23:11:30.369] [main/DEBUG] [mixin/]: MixinPlatformAgentMinecraftForge rejected container ContainerHandleModLauncher.Resource(TConstruct-1.16.5-3.3.4.335.jar:/data/mods/TConstruct-1.16.5-3.3.4.335.jar)
[06Feb2026 23:11:30.369] [main/DEBUG] [mixin/]: Instancing new MixinPlatformAgentDefault for ContainerHandleModLauncher.Resource(TConstruct-1.16.5-3.3.4.335.jar:/data/mods/TConstruct-1.16.5-3.3.4.335.jar)
[06Feb2026 23:11:30.369] [main/DEBUG] [mixin/]: MixinPlatformAgentDefault accepted container ContainerHandleModLauncher.Resource(TConstruct-1.16.5-3.3.4.335.jar:/data/mods/TConstruct-1.16.5-3.3.4.335.jar)
[06Feb2026 23:11:30.369] [main/DEBUG] [mixin/]: Processing prepare() for PlatformAgent[MixinPlatformAgentDefault:ContainerHandleModLauncher.Resource(TConstruct-1.16.5-3.3.4.335.jar:/data/mods/TConstruct-1.16.5-3.3.4.335.jar)]
[06Feb2026 23:11:30.369] [main/DEBUG] [mixin/]: Adding mixin platform agents for container ContainerHandleModLauncher.Resource(FarmersDelight-1.16.5-0.5.4.jar:/data/mods/FarmersDelight-1.16.5-0.5.4.jar)
[06Feb2026 23:11:30.369] [main/DEBUG] [mixin/]: Instancing new MixinPlatformAgentMinecraftForge for ContainerHandleModLauncher.Resource(FarmersDelight-1.16.5-0.5.4.jar:/data/mods/FarmersDelight-1.16.5-0.5.4.jar)
[06Feb2026 23:11:30.369] [main/DEBUG] [mixin/]: MixinPlatformAgentMinecraftForge rejected container ContainerHandleModLauncher.Resource(FarmersDelight-1.16.5-0.5.4.jar:/data/mods/FarmersDelight-1.16.5-0.5.4.jar)
[06Feb2026 23:11:30.369] [main/DEBUG] [mixin/]: Instancing new MixinPlatformAgentDefault for ContainerHandleModLauncher.Resource(FarmersDelight-1.16.5-0.5.4.jar:/data/mods/FarmersDelight-1.16.5-0.5.4.jar)
[06Feb2026 23:11:30.369] [main/DEBUG] [mixin/]: MixinPlatformAgentDefault accepted container ContainerHandleModLauncher.Resource(FarmersDelight-1.16.5-0.5.4.jar:/data/mods/FarmersDelight-1.16.5-0.5.4.jar)
[06Feb2026 23:11:30.369] [main/DEBUG] [mixin/]: Processing prepare() for PlatformAgent[MixinPlatformAgentDefault:ContainerHandleModLauncher.Resource(FarmersDelight-1.16.5-0.5.4.jar:/data/mods/FarmersDelight-1.16.5-0.5.4.jar)]
[06Feb2026 23:11:30.369] [main/DEBUG] [mixin/]: Registering mixin config: farmersdelight.mixins.json
[06Feb2026 23:11:30.371] [main/DEBUG] [mixin/]: Adding mixin platform agents for container ContainerHandleModLauncher.Resource(instantbuildings-1-16-5-1-0-1.jar:/data/mods/instantbuildings-1-16-5-1-0-1.jar)
[06Feb2026 23:11:30.371] [main/DEBUG] [mixin/]: Instancing new MixinPlatformAgentMinecraftForge for ContainerHandleModLauncher.Resource(instantbuildings-1-16-5-1-0-1.jar:/data/mods/instantbuildings-1-16-5-1-0-1.jar)
[06Feb2026 23:11:30.371] [main/DEBUG] [mixin/]: MixinPlatformAgentMinecraftForge rejected container ContainerHandleModLauncher.Resource(instantbuildings-1-16-5-1-0-1.jar:/data/mods/instantbuildings-1-16-5-1-0-1.jar)
[06Feb2026 23:11:30.371] [main/DEBUG] [mixin/]: Instancing new MixinPlatformAgentDefault for ContainerHandleModLauncher.Resource(instantbuildings-1-16-5-1-0-1.jar:/data/mods/instantbuildings-1-16-5-1-0-1.jar)
[06Feb2026 23:11:30.371] [main/DEBUG] [mixin/]: MixinPlatformAgentDefault accepted container ContainerHandleModLauncher.Resource(instantbuildings-1-16-5-1-0-1.jar:/data/mods/instantbuildings-1-16-5-1-0-1.jar)
[06Feb2026 23:11:30.371] [main/DEBUG] [mixin/]: Processing prepare() for PlatformAgent[MixinPlatformAgentDefault:ContainerHandleModLauncher.Resource(instantbuildings-1-16-5-1-0-1.jar:/data/mods/instantbuildings-1-16-5-1-0-1.jar)]
[06Feb2026 23:11:30.371] [main/DEBUG] [mixin/]: Adding mixin platform agents for container ContainerHandleModLauncher.Resource(ImmersiveEngineering-1.16.5-5.0.6-141.jar:/data/mods/ImmersiveEngineering-1.16.5-5.0.6-141.jar)
[06Feb2026 23:11:30.372] [main/DEBUG] [mixin/]: Instancing new MixinPlatformAgentMinecraftForge for ContainerHandleModLauncher.Resource(ImmersiveEngineering-1.16.5-5.0.6-141.jar:/data/mods/ImmersiveEngineering-1.16.5-5.0.6-141.jar)
[06Feb2026 23:11:30.372] [main/DEBUG] [mixin/]: MixinPlatformAgentMinecraftForge rejected container ContainerHandleModLauncher.Resource(ImmersiveEngineering-1.16.5-5.0.6-141.jar:/data/mods/ImmersiveEngineering-1.16.5-5.0.6-141.jar)
[06Feb2026 23:11:30.372] [main/DEBUG] [mixin/]: Instancing new MixinPlatformAgentDefault for ContainerHandleModLauncher.Resource(ImmersiveEngineering-1.16.5-5.0.6-141.jar:/data/mods/ImmersiveEngineering-1.16.5-5.0.6-141.jar)
[06Feb2026 23:11:30.372] [main/DEBUG] [mixin/]: MixinPlatformAgentDefault accepted container ContainerHandleModLauncher.Resource(ImmersiveEngineering-1.16.5-5.0.6-141.jar:/data/mods/ImmersiveEngineering-1.16.5-5.0.6-141.jar)
[06Feb2026 23:11:30.372] [main/DEBUG] [mixin/]: Processing prepare() for PlatformAgent[MixinPlatformAgentDefault:ContainerHandleModLauncher.Resource(ImmersiveEngineering-1.16.5-5.0.6-141.jar:/data/mods/ImmersiveEngineering-1.16.5-5.0.6-141.jar)]
[06Feb2026 23:11:30.372] [main/DEBUG] [mixin/]: Registering mixin config: immersiveengineering.mixins.json
[06Feb2026 23:11:30.374] [main/DEBUG] [mixin/]: Adding mixin platform agents for container ContainerHandleModLauncher.Resource(BiomesOPlenty-1.16.5-13.1.0.477-universal.jar:/data/mods/BiomesOPlenty-1.16.5-13.1.0.477-universal.jar)
[06Feb2026 23:11:30.374] [main/DEBUG] [mixin/]: Instancing new MixinPlatformAgentMinecraftForge for ContainerHandleModLauncher.Resource(BiomesOPlenty-1.16.5-13.1.0.477-universal.jar:/data/mods/BiomesOPlenty-1.16.5-13.1.0.477-universal.jar)
[06Feb2026 23:11:30.374] [main/DEBUG] [mixin/]: MixinPlatformAgentMinecraftForge rejected container ContainerHandleModLauncher.Resource(BiomesOPlenty-1.16.5-13.1.0.477-universal.jar:/data/mods/BiomesOPlenty-1.16.5-13.1.0.477-universal.jar)
[06Feb2026 23:11:30.374] [main/DEBUG] [mixin/]: Instancing new MixinPlatformAgentDefault for ContainerHandleModLauncher.Resource(BiomesOPlenty-1.16.5-13.1.0.477-universal.jar:/data/mods/BiomesOPlenty-1.16.5-13.1.0.477-universal.jar)
[06Feb2026 23:11:30.374] [main/DEBUG] [mixin/]: MixinPlatformAgentDefault accepted container ContainerHandleModLauncher.Resource(BiomesOPlenty-1.16.5-13.1.0.477-universal.jar:/data/mods/BiomesOPlenty-1.16.5-13.1.0.477-universal.jar)
[06Feb2026 23:11:30.374] [main/DEBUG] [mixin/]: Processing prepare() for PlatformAgent[MixinPlatformAgentDefault:ContainerHandleModLauncher.Resource(BiomesOPlenty-1.16.5-13.1.0.477-universal.jar:/data/mods/BiomesOPlenty-1.16.5-13.1.0.477-universal.jar)]
[06Feb2026 23:11:30.374] [main/DEBUG] [mixin/]: Adding mixin platform agents for container ContainerHandleModLauncher.Resource(MushroomFoxMod_V.4.2_1.16.5.jar:/data/mods/MushroomFoxMod_V.4.2_1.16.5.jar)
[06Feb2026 23:11:30.374] [main/DEBUG] [mixin/]: Instancing new MixinPlatformAgentMinecraftForge for ContainerHandleModLauncher.Resource(MushroomFoxMod_V.4.2_1.16.5.jar:/data/mods/MushroomFoxMod_V.4.2_1.16.5.jar)
[06Feb2026 23:11:30.374] [main/DEBUG] [mixin/]: MixinPlatformAgentMinecraftForge rejected container ContainerHandleModLauncher.Resource(MushroomFoxMod_V.4.2_1.16.5.jar:/data/mods/MushroomFoxMod_V.4.2_1.16.5.jar)
[06Feb2026 23:11:30.374] [main/DEBUG] [mixin/]: Instancing new MixinPlatformAgentDefault for ContainerHandleModLauncher.Resource(MushroomFoxMod_V.4.2_1.16.5.jar:/data/mods/MushroomFoxMod_V.4.2_1.16.5.jar)
[06Feb2026 23:11:30.374] [main/DEBUG] [mixin/]: MixinPlatformAgentDefault accepted container ContainerHandleModLauncher.Resource(MushroomFoxMod_V.4.2_1.16.5.jar:/data/mods/MushroomFoxMod_V.4.2_1.16.5.jar)
[06Feb2026 23:11:30.374] [main/DEBUG] [mixin/]: Processing prepare() for PlatformAgent[MixinPlatformAgentDefault:ContainerHandleModLauncher.Resource(MushroomFoxMod_V.4.2_1.16.5.jar:/data/mods/MushroomFoxMod_V.4.2_1.16.5.jar)]
[06Feb2026 23:11:30.374] [main/DEBUG] [mixin/]: Adding mixin platform agents for container ContainerHandleModLauncher.Resource(webasemod-1.16.5-1.3.1.jar:/data/mods/webasemod-1.16.5-1.3.1.jar)
[06Feb2026 23:11:30.374] [main/DEBUG] [mixin/]: Instancing new MixinPlatformAgentMinecraftForge for ContainerHandleModLauncher.Resource(webasemod-1.16.5-1.3.1.jar:/data/mods/webasemod-1.16.5-1.3.1.jar)
[06Feb2026 23:11:30.374] [main/DEBUG] [mixin/]: MixinPlatformAgentMinecraftForge rejected container ContainerHandleModLauncher.Resource(webasemod-1.16.5-1.3.1.jar:/data/mods/webasemod-1.16.5-1.3.1.jar)
[06Feb2026 23:11:30.374] [main/DEBUG] [mixin/]: Instancing new MixinPlatformAgentDefault for ContainerHandleModLauncher.Resource(webasemod-1.16.5-1.3.1.jar:/data/mods/webasemod-1.16.5-1.3.1.jar)
[06Feb2026 23:11:30.375] [main/DEBUG] [mixin/]: MixinPlatformAgentDefault accepted container ContainerHandleModLauncher.Resource(webasemod-1.16.5-1.3.1.jar:/data/mods/webasemod-1.16.5-1.3.1.jar)
[06Feb2026 23:11:30.375] [main/DEBUG] [mixin/]: Processing prepare() for PlatformAgent[MixinPlatformAgentDefault:ContainerHandleModLauncher.Resource(webasemod-1.16.5-1.3.1.jar:/data/mods/webasemod-1.16.5-1.3.1.jar)]
[06Feb2026 23:11:30.375] [main/DEBUG] [mixin/]: Adding mixin platform agents for container ContainerHandleModLauncher.Resource(movingelevators-1.2.34-mc1.16.5.jar:/data/mods/movingelevators-1.2.34-mc1.16.5.jar)
[06Feb2026 23:11:30.375] [main/DEBUG] [mixin/]: Instancing new MixinPlatformAgentMinecraftForge for ContainerHandleModLauncher.Resource(movingelevators-1.2.34-mc1.16.5.jar:/data/mods/movingelevators-1.2.34-mc1.16.5.jar)
[06Feb2026 23:11:30.375] [main/DEBUG] [mixin/]: MixinPlatformAgentMinecraftForge rejected container ContainerHandleModLauncher.Resource(movingelevators-1.2.34-mc1.16.5.jar:/data/mods/movingelevators-1.2.34-mc1.16.5.jar)
[06Feb2026 23:11:30.375] [main/DEBUG] [mixin/]: Instancing new MixinPlatformAgentDefault for ContainerHandleModLauncher.Resource(movingelevators-1.2.34-mc1.16.5.jar:/data/mods/movingelevators-1.2.34-mc1.16.5.jar)
[06Feb2026 23:11:30.375] [main/DEBUG] [mixin/]: MixinPlatformAgentDefault accepted container ContainerHandleModLauncher.Resource(movingelevators-1.2.34-mc1.16.5.jar:/data/mods/movingelevators-1.2.34-mc1.16.5.jar)
[06Feb2026 23:11:30.375] [main/DEBUG] [mixin/]: Processing prepare() for PlatformAgent[MixinPlatformAgentDefault:ContainerHandleModLauncher.Resource(movingelevators-1.2.34-mc1.16.5.jar:/data/mods/movingelevators-1.2.34-mc1.16.5.jar)]
[06Feb2026 23:11:30.375] [main/DEBUG] [mixin/]: Adding mixin platform agents for container ContainerHandleModLauncher.Resource(personality-1.16.5-1.0.3.jar:/data/mods/personality-1.16.5-1.0.3.jar)
[06Feb2026 23:11:30.375] [main/DEBUG] [mixin/]: Instancing new MixinPlatformAgentMinecraftForge for ContainerHandleModLauncher.Resource(personality-1.16.5-1.0.3.jar:/data/mods/personality-1.16.5-1.0.3.jar)
[06Feb2026 23:11:30.375] [main/DEBUG] [mixin/]: MixinPlatformAgentMinecraftForge rejected container ContainerHandleModLauncher.Resource(personality-1.16.5-1.0.3.jar:/data/mods/personality-1.16.5-1.0.3.jar)
[06Feb2026 23:11:30.375] [main/DEBUG] [mixin/]: Instancing new MixinPlatformAgentDefault for ContainerHandleModLauncher.Resource(personality-1.16.5-1.0.3.jar:/data/mods/personality-1.16.5-1.0.3.jar)
[06Feb2026 23:11:30.375] [main/DEBUG] [mixin/]: MixinPlatformAgentDefault accepted container ContainerHandleModLauncher.Resource(personality-1.16.5-1.0.3.jar:/data/mods/personality-1.16.5-1.0.3.jar)
[06Feb2026 23:11:30.375] [main/DEBUG] [mixin/]: Processing prepare() for PlatformAgent[MixinPlatformAgentDefault:ContainerHandleModLauncher.Resource(personality-1.16.5-1.0.3.jar:/data/mods/personality-1.16.5-1.0.3.jar)]
[06Feb2026 23:11:30.375] [main/DEBUG] [mixin/]: Registering mixin config: personality.mixins.json
[06Feb2026 23:11:30.379] [main/DEBUG] [mixin/]: Adding mixin platform agents for container ContainerHandleModLauncher.Resource(TrackAPI-1.16.4-forge-1.2.1.jar:/data/mods/TrackAPI-1.16.4-forge-1.2.1.jar)
[06Feb2026 23:11:30.379] [main/DEBUG] [mixin/]: Instancing new MixinPlatformAgentMinecraftForge for ContainerHandleModLauncher.Resource(TrackAPI-1.16.4-forge-1.2.1.jar:/data/mods/TrackAPI-1.16.4-forge-1.2.1.jar)
[06Feb2026 23:11:30.379] [main/DEBUG] [mixin/]: MixinPlatformAgentMinecraftForge rejected container ContainerHandleModLauncher.Resource(TrackAPI-1.16.4-forge-1.2.1.jar:/data/mods/TrackAPI-1.16.4-forge-1.2.1.jar)
[06Feb2026 23:11:30.379] [main/DEBUG] [mixin/]: Instancing new MixinPlatformAgentDefault for ContainerHandleModLauncher.Resource(TrackAPI-1.16.4-forge-1.2.1.jar:/data/mods/TrackAPI-1.16.4-forge-1.2.1.jar)
[06Feb2026 23:11:30.379] [main/DEBUG] [mixin/]: MixinPlatformAgentDefault accepted container ContainerHandleModLauncher.Resource(TrackAPI-1.16.4-forge-1.2.1.jar:/data/mods/TrackAPI-1.16.4-forge-1.2.1.jar)
[06Feb2026 23:11:30.379] [main/DEBUG] [mixin/]: Processing prepare() for PlatformAgent[MixinPlatformAgentDefault:ContainerHandleModLauncher.Resource(TrackAPI-1.16.4-forge-1.2.1.jar:/data/mods/TrackAPI-1.16.4-forge-1.2.1.jar)]
[06Feb2026 23:11:30.379] [main/DEBUG] [mixin/]: Adding mixin platform agents for container ContainerHandleModLauncher.Resource(jeiintegration_1.16.5-7.0.1.15.jar:/data/mods/jeiintegration_1.16.5-7.0.1.15.jar)
[06Feb2026 23:11:30.379] [main/DEBUG] [mixin/]: Instancing new MixinPlatformAgentMinecraftForge for ContainerHandleModLauncher.Resource(jeiintegration_1.16.5-7.0.1.15.jar:/data/mods/jeiintegration_1.16.5-7.0.1.15.jar)
[06Feb2026 23:11:30.379] [main/DEBUG] [mixin/]: MixinPlatformAgentMinecraftForge rejected container ContainerHandleModLauncher.Resource(jeiintegration_1.16.5-7.0.1.15.jar:/data/mods/jeiintegration_1.16.5-7.0.1.15.jar)
[06Feb2026 23:11:30.379] [main/DEBUG] [mixin/]: Instancing new MixinPlatformAgentDefault for ContainerHandleModLauncher.Resource(jeiintegration_1.16.5-7.0.1.15.jar:/data/mods/jeiintegration_1.16.5-7.0.1.15.jar)
[06Feb2026 23:11:30.379] [main/DEBUG] [mixin/]: MixinPlatformAgentDefault accepted container ContainerHandleModLauncher.Resource(jeiintegration_1.16.5-7.0.1.15.jar:/data/mods/jeiintegration_1.16.5-7.0.1.15.jar)
[06Feb2026 23:11:30.379] [main/DEBUG] [mixin/]: Processing prepare() for PlatformAgent[MixinPlatformAgentDefault:ContainerHandleModLauncher.Resource(jeiintegration_1.16.5-7.0.1.15.jar:/data/mods/jeiintegration_1.16.5-7.0.1.15.jar)]
[06Feb2026 23:11:30.380] [main/DEBUG] [mixin/]: Adding mixin platform agents for container ContainerHandleModLauncher.Resource(Wilds+Version+2.8.jar:/data/mods/Wilds+Version+2.8.jar)
[06Feb2026 23:11:30.380] [main/DEBUG] [mixin/]: Instancing new MixinPlatformAgentMinecraftForge for ContainerHandleModLauncher.Resource(Wilds+Version+2.8.jar:/data/mods/Wilds+Version+2.8.jar)
[06Feb2026 23:11:30.380] [main/DEBUG] [mixin/]: MixinPlatformAgentMinecraftForge rejected container ContainerHandleModLauncher.Resource(Wilds+Version+2.8.jar:/data/mods/Wilds+Version+2.8.jar)
[06Feb2026 23:11:30.380] [main/DEBUG] [mixin/]: Instancing new MixinPlatformAgentDefault for ContainerHandleModLauncher.Resource(Wilds+Version+2.8.jar:/data/mods/Wilds+Version+2.8.jar)
[06Feb2026 23:11:30.380] [main/DEBUG] [mixin/]: MixinPlatformAgentDefault accepted container ContainerHandleModLauncher.Resource(Wilds+Version+2.8.jar:/data/mods/Wilds+Version+2.8.jar)
[06Feb2026 23:11:30.380] [main/DEBUG] [mixin/]: Processing prepare() for PlatformAgent[MixinPlatformAgentDefault:ContainerHandleModLauncher.Resource(Wilds+Version+2.8.jar:/data/mods/Wilds+Version+2.8.jar)]
[06Feb2026 23:11:30.380] [main/DEBUG] [mixin/]: Adding mixin platform agents for container ContainerHandleModLauncher.Resource(curios-forge-1.16.5-4.0.7.0.jar:/data/mods/curios-forge-1.16.5-4.0.7.0.jar)
[06Feb2026 23:11:30.380] [main/DEBUG] [mixin/]: Instancing new MixinPlatformAgentMinecraftForge for ContainerHandleModLauncher.Resource(curios-forge-1.16.5-4.0.7.0.jar:/data/mods/curios-forge-1.16.5-4.0.7.0.jar)
[06Feb2026 23:11:30.380] [main/DEBUG] [mixin/]: MixinPlatformAgentMinecraftForge rejected container ContainerHandleModLauncher.Resource(curios-forge-1.16.5-4.0.7.0.jar:/data/mods/curios-forge-1.16.5-4.0.7.0.jar)
[06Feb2026 23:11:30.380] [main/DEBUG] [mixin/]: Instancing new MixinPlatformAgentDefault for ContainerHandleModLauncher.Resource(curios-forge-1.16.5-4.0.7.0.jar:/data/mods/curios-forge-1.16.5-4.0.7.0.jar)
[06Feb2026 23:11:30.380] [main/DEBUG] [mixin/]: MixinPlatformAgentDefault accepted container ContainerHandleModLauncher.Resource(curios-forge-1.16.5-4.0.7.0.jar:/data/mods/curios-forge-1.16.5-4.0.7.0.jar)
[06Feb2026 23:11:30.380] [main/DEBUG] [mixin/]: Processing prepare() for PlatformAgent[MixinPlatformAgentDefault:ContainerHandleModLauncher.Resource(curios-forge-1.16.5-4.0.7.0.jar:/data/mods/curios-forge-1.16.5-4.0.7.0.jar)]
[06Feb2026 23:11:30.380] [main/DEBUG] [mixin/]: Adding mixin platform agents for container ContainerHandleModLauncher.Resource(C.M.A_Transport_Pack _v.3.1-1.16.5.jar:/data/mods/C.M.A_Transport_Pack _v.3.1-1.16.5.jar)
[06Feb2026 23:11:30.380] [main/DEBUG] [mixin/]: Instancing new MixinPlatformAgentMinecraftForge for ContainerHandleModLauncher.Resource(C.M.A_Transport_Pack _v.3.1-1.16.5.jar:/data/mods/C.M.A_Transport_Pack _v.3.1-1.16.5.jar)
[06Feb2026 23:11:30.380] [main/DEBUG] [mixin/]: MixinPlatformAgentMinecraftForge rejected container ContainerHandleModLauncher.Resource(C.M.A_Transport_Pack _v.3.1-1.16.5.jar:/data/mods/C.M.A_Transport_Pack _v.3.1-1.16.5.jar)
[06Feb2026 23:11:30.380] [main/DEBUG] [mixin/]: Instancing new MixinPlatformAgentDefault for ContainerHandleModLauncher.Resource(C.M.A_Transport_Pack _v.3.1-1.16.5.jar:/data/mods/C.M.A_Transport_Pack _v.3.1-1.16.5.jar)
[06Feb2026 23:11:30.380] [main/DEBUG] [mixin/]: MixinPlatformAgentDefault accepted container ContainerHandleModLauncher.Resource(C.M.A_Transport_Pack _v.3.1-1.16.5.jar:/data/mods/C.M.A_Transport_Pack _v.3.1-1.16.5.jar)
[06Feb2026 23:11:30.380] [main/DEBUG] [mixin/]: Processing prepare() for PlatformAgent[MixinPlatformAgentDefault:ContainerHandleModLauncher.Resource(C.M.A_Transport_Pack _v.3.1-1.16.5.jar:/data/mods/C.M.A_Transport_Pack _v.3.1-1.16.5.jar)]
[06Feb2026 23:11:30.380] [main/DEBUG] [mixin/]: Adding mixin platform agents for container ContainerHandleModLauncher.Resource(Mantle-1.16.5-1.6.157.jar:/data/mods/Mantle-1.16.5-1.6.157.jar)
[06Feb2026 23:11:30.380] [main/DEBUG] [mixin/]: Instancing new MixinPlatformAgentMinecraftForge for ContainerHandleModLauncher.Resource(Mantle-1.16.5-1.6.157.jar:/data/mods/Mantle-1.16.5-1.6.157.jar)
[06Feb2026 23:11:30.381] [main/DEBUG] [mixin/]: MixinPlatformAgentMinecraftForge rejected container ContainerHandleModLauncher.Resource(Mantle-1.16.5-1.6.157.jar:/data/mods/Mantle-1.16.5-1.6.157.jar)
[06Feb2026 23:11:30.381] [main/DEBUG] [mixin/]: Instancing new MixinPlatformAgentDefault for ContainerHandleModLauncher.Resource(Mantle-1.16.5-1.6.157.jar:/data/mods/Mantle-1.16.5-1.6.157.jar)
[06Feb2026 23:11:30.381] [main/DEBUG] [mixin/]: MixinPlatformAgentDefault accepted container ContainerHandleModLauncher.Resource(Mantle-1.16.5-1.6.157.jar:/data/mods/Mantle-1.16.5-1.6.157.jar)
[06Feb2026 23:11:30.381] [main/DEBUG] [mixin/]: Processing prepare() for PlatformAgent[MixinPlatformAgentDefault:ContainerHandleModLauncher.Resource(Mantle-1.16.5-1.6.157.jar:/data/mods/Mantle-1.16.5-1.6.157.jar)]
[06Feb2026 23:11:30.381] [main/DEBUG] [mixin/]: Adding mixin platform agents for container ContainerHandleModLauncher.Resource(autumnity-1.16.5-2.1.2.jar:/data/mods/autumnity-1.16.5-2.1.2.jar)
[06Feb2026 23:11:30.381] [main/DEBUG] [mixin/]: Instancing new MixinPlatformAgentMinecraftForge for ContainerHandleModLauncher.Resource(autumnity-1.16.5-2.1.2.jar:/data/mods/autumnity-1.16.5-2.1.2.jar)
[06Feb2026 23:11:30.381] [main/DEBUG] [mixin/]: MixinPlatformAgentMinecraftForge rejected container ContainerHandleModLauncher.Resource(autumnity-1.16.5-2.1.2.jar:/data/mods/autumnity-1.16.5-2.1.2.jar)
[06Feb2026 23:11:30.381] [main/DEBUG] [mixin/]: Instancing new MixinPlatformAgentDefault for ContainerHandleModLauncher.Resource(autumnity-1.16.5-2.1.2.jar:/data/mods/autumnity-1.16.5-2.1.2.jar)
[06Feb2026 23:11:30.381] [main/DEBUG] [mixin/]: MixinPlatformAgentDefault accepted container ContainerHandleModLauncher.Resource(autumnity-1.16.5-2.1.2.jar:/data/mods/autumnity-1.16.5-2.1.2.jar)
[06Feb2026 23:11:30.381] [main/DEBUG] [mixin/]: Processing prepare() for PlatformAgent[MixinPlatformAgentDefault:ContainerHandleModLauncher.Resource(autumnity-1.16.5-2.1.2.jar:/data/mods/autumnity-1.16.5-2.1.2.jar)]
[06Feb2026 23:11:30.381] [main/DEBUG] [mixin/]: Registering mixin config: autumnity.mixins.json
[06Feb2026 23:11:30.388] [main/DEBUG] [mixin/]: Adding mixin platform agents for container ContainerHandleModLauncher.Resource(backpacked-2.0.3-mc1.16.5.jar:/data/mods/backpacked-2.0.3-mc1.16.5.jar)
[06Feb2026 23:11:30.388] [main/DEBUG] [mixin/]: Instancing new MixinPlatformAgentMinecraftForge for ContainerHandleModLauncher.Resource(backpacked-2.0.3-mc1.16.5.jar:/data/mods/backpacked-2.0.3-mc1.16.5.jar)
[06Feb2026 23:11:30.388] [main/DEBUG] [mixin/]: MixinPlatformAgentMinecraftForge rejected container ContainerHandleModLauncher.Resource(backpacked-2.0.3-mc1.16.5.jar:/data/mods/backpacked-2.0.3-mc1.16.5.jar)
[06Feb2026 23:11:30.388] [main/DEBUG] [mixin/]: Instancing new MixinPlatformAgentDefault for ContainerHandleModLauncher.Resource(backpacked-2.0.3-mc1.16.5.jar:/data/mods/backpacked-2.0.3-mc1.16.5.jar)
[06Feb2026 23:11:30.388] [main/DEBUG] [mixin/]: MixinPlatformAgentDefault accepted container ContainerHandleModLauncher.Resource(backpacked-2.0.3-mc1.16.5.jar:/data/mods/backpacked-2.0.3-mc1.16.5.jar)
[06Feb2026 23:11:30.388] [main/DEBUG] [mixin/]: Processing prepare() for PlatformAgent[MixinPlatformAgentDefault:ContainerHandleModLauncher.Resource(backpacked-2.0.3-mc1.16.5.jar:/data/mods/backpacked-2.0.3-mc1.16.5.jar)]
[06Feb2026 23:11:30.388] [main/DEBUG] [mixin/]: Registering mixin config: backpacked.mixins.json
[06Feb2026 23:11:30.390] [main/DEBUG] [mixin/]: Adding mixin platform agents for container ContainerHandleModLauncher.Resource(Survive-1.16.5-3.4.8.jar:/data/mods/Survive-1.16.5-3.4.8.jar)
[06Feb2026 23:11:30.390] [main/DEBUG] [mixin/]: Instancing new MixinPlatformAgentMinecraftForge for ContainerHandleModLauncher.Resource(Survive-1.16.5-3.4.8.jar:/data/mods/Survive-1.16.5-3.4.8.jar)
[06Feb2026 23:11:30.390] [main/DEBUG] [mixin/]: MixinPlatformAgentMinecraftForge rejected container ContainerHandleModLauncher.Resource(Survive-1.16.5-3.4.8.jar:/data/mods/Survive-1.16.5-3.4.8.jar)
[06Feb2026 23:11:30.390] [main/DEBUG] [mixin/]: Instancing new MixinPlatformAgentDefault for ContainerHandleModLauncher.Resource(Survive-1.16.5-3.4.8.jar:/data/mods/Survive-1.16.5-3.4.8.jar)
[06Feb2026 23:11:30.390] [main/DEBUG] [mixin/]: MixinPlatformAgentDefault accepted container ContainerHandleModLauncher.Resource(Survive-1.16.5-3.4.8.jar:/data/mods/Survive-1.16.5-3.4.8.jar)
[06Feb2026 23:11:30.390] [main/DEBUG] [mixin/]: Processing prepare() for PlatformAgent[MixinPlatformAgentDefault:ContainerHandleModLauncher.Resource(Survive-1.16.5-3.4.8.jar:/data/mods/Survive-1.16.5-3.4.8.jar)]
[06Feb2026 23:11:30.390] [main/DEBUG] [mixin/]: Registering mixin config: survive.mixins.json
[06Feb2026 23:11:30.392] [main/DEBUG] [mixin/]: Adding mixin platform agents for container ContainerHandleModLauncher.Resource(obfuscate-0.6.2-1.16.3.jar:/data/mods/obfuscate-0.6.2-1.16.3.jar)
[06Feb2026 23:11:30.392] [main/DEBUG] [mixin/]: Instancing new MixinPlatformAgentMinecraftForge for ContainerHandleModLauncher.Resource(obfuscate-0.6.2-1.16.3.jar:/data/mods/obfuscate-0.6.2-1.16.3.jar)
[06Feb2026 23:11:30.392] [main/DEBUG] [mixin/]: MixinPlatformAgentMinecraftForge rejected container ContainerHandleModLauncher.Resource(obfuscate-0.6.2-1.16.3.jar:/data/mods/obfuscate-0.6.2-1.16.3.jar)
[06Feb2026 23:11:30.392] [main/DEBUG] [mixin/]: Instancing new MixinPlatformAgentDefault for ContainerHandleModLauncher.Resource(obfuscate-0.6.2-1.16.3.jar:/data/mods/obfuscate-0.6.2-1.16.3.jar)
[06Feb2026 23:11:30.392] [main/DEBUG] [mixin/]: MixinPlatformAgentDefault accepted container ContainerHandleModLauncher.Resource(obfuscate-0.6.2-1.16.3.jar:/data/mods/obfuscate-0.6.2-1.16.3.jar)
[06Feb2026 23:11:30.392] [main/DEBUG] [mixin/]: Processing prepare() for PlatformAgent[MixinPlatformAgentDefault:ContainerHandleModLauncher.Resource(obfuscate-0.6.2-1.16.3.jar:/data/mods/obfuscate-0.6.2-1.16.3.jar)]
[06Feb2026 23:11:30.392] [main/DEBUG] [mixin/]: Registering mixin config: obfuscate.mixins.json
[06Feb2026 23:11:30.393] [main/DEBUG] [mixin/]: Adding mixin platform agents for container ContainerHandleModLauncher.Resource(vehicle-mod-0.45.2-1.16.3.jar:/data/mods/vehicle-mod-0.45.2-1.16.3.jar)
[06Feb2026 23:11:30.394] [main/DEBUG] [mixin/]: Instancing new MixinPlatformAgentMinecraftForge for ContainerHandleModLauncher.Resource(vehicle-mod-0.45.2-1.16.3.jar:/data/mods/vehicle-mod-0.45.2-1.16.3.jar)
[06Feb2026 23:11:30.394] [main/DEBUG] [mixin/]: MixinPlatformAgentMinecraftForge rejected container ContainerHandleModLauncher.Resource(vehicle-mod-0.45.2-1.16.3.jar:/data/mods/vehicle-mod-0.45.2-1.16.3.jar)
[06Feb2026 23:11:30.394] [main/DEBUG] [mixin/]: Instancing new MixinPlatformAgentDefault for ContainerHandleModLauncher.Resource(vehicle-mod-0.45.2-1.16.3.jar:/data/mods/vehicle-mod-0.45.2-1.16.3.jar)
[06Feb2026 23:11:30.394] [main/DEBUG] [mixin/]: MixinPlatformAgentDefault accepted container ContainerHandleModLauncher.Resource(vehicle-mod-0.45.2-1.16.3.jar:/data/mods/vehicle-mod-0.45.2-1.16.3.jar)
[06Feb2026 23:11:30.394] [main/DEBUG] [mixin/]: Processing prepare() for PlatformAgent[MixinPlatformAgentDefault:ContainerHandleModLauncher.Resource(vehicle-mod-0.45.2-1.16.3.jar:/data/mods/vehicle-mod-0.45.2-1.16.3.jar)]
[06Feb2026 23:11:30.394] [main/DEBUG] [mixin/]: Adding mixin platform agents for container ContainerHandleModLauncher.Resource(worldedit-mod-7.2.5-dist.jar:/data/mods/worldedit-mod-7.2.5-dist.jar)
[06Feb2026 23:11:30.394] [main/DEBUG] [mixin/]: Instancing new MixinPlatformAgentMinecraftForge for ContainerHandleModLauncher.Resource(worldedit-mod-7.2.5-dist.jar:/data/mods/worldedit-mod-7.2.5-dist.jar)
[06Feb2026 23:11:30.394] [main/DEBUG] [mixin/]: MixinPlatformAgentMinecraftForge rejected container ContainerHandleModLauncher.Resource(worldedit-mod-7.2.5-dist.jar:/data/mods/worldedit-mod-7.2.5-dist.jar)
[06Feb2026 23:11:30.394] [main/DEBUG] [mixin/]: Instancing new MixinPlatformAgentDefault for ContainerHandleModLauncher.Resource(worldedit-mod-7.2.5-dist.jar:/data/mods/worldedit-mod-7.2.5-dist.jar)
[06Feb2026 23:11:30.394] [main/DEBUG] [mixin/]: MixinPlatformAgentDefault accepted container ContainerHandleModLauncher.Resource(worldedit-mod-7.2.5-dist.jar:/data/mods/worldedit-mod-7.2.5-dist.jar)
[06Feb2026 23:11:30.394] [main/DEBUG] [mixin/]: Processing prepare() for PlatformAgent[MixinPlatformAgentDefault:ContainerHandleModLauncher.Resource(worldedit-mod-7.2.5-dist.jar:/data/mods/worldedit-mod-7.2.5-dist.jar)]
[06Feb2026 23:11:30.394] [main/DEBUG] [mixin/]: Adding mixin platform agents for container ContainerHandleModLauncher.Resource(cfm-7.0.0pre22-1.16.3.jar:/data/mods/cfm-7.0.0pre22-1.16.3.jar)
[06Feb2026 23:11:30.394] [main/DEBUG] [mixin/]: Instancing new MixinPlatformAgentMinecraftForge for ContainerHandleModLauncher.Resource(cfm-7.0.0pre22-1.16.3.jar:/data/mods/cfm-7.0.0pre22-1.16.3.jar)
[06Feb2026 23:11:30.394] [main/DEBUG] [mixin/]: MixinPlatformAgentMinecraftForge rejected container ContainerHandleModLauncher.Resource(cfm-7.0.0pre22-1.16.3.jar:/data/mods/cfm-7.0.0pre22-1.16.3.jar)
[06Feb2026 23:11:30.394] [main/DEBUG] [mixin/]: Instancing new MixinPlatformAgentDefault for ContainerHandleModLauncher.Resource(cfm-7.0.0pre22-1.16.3.jar:/data/mods/cfm-7.0.0pre22-1.16.3.jar)
[06Feb2026 23:11:30.394] [main/DEBUG] [mixin/]: MixinPlatformAgentDefault accepted container ContainerHandleModLauncher.Resource(cfm-7.0.0pre22-1.16.3.jar:/data/mods/cfm-7.0.0pre22-1.16.3.jar)
[06Feb2026 23:11:30.394] [main/DEBUG] [mixin/]: Processing prepare() for PlatformAgent[MixinPlatformAgentDefault:ContainerHandleModLauncher.Resource(cfm-7.0.0pre22-1.16.3.jar:/data/mods/cfm-7.0.0pre22-1.16.3.jar)]
[06Feb2026 23:11:30.394] [main/DEBUG] [mixin/]: Registering mixin config: cfm.mixins.json
[06Feb2026 23:11:30.396] [main/DEBUG] [mixin/]: Adding mixin platform agents for container ContainerHandleModLauncher.Resource(architectury-1.32.66.jar:/data/mods/architectury-1.32.66.jar)
[06Feb2026 23:11:30.396] [main/DEBUG] [mixin/]: Instancing new MixinPlatformAgentMinecraftForge for ContainerHandleModLauncher.Resource(architectury-1.32.66.jar:/data/mods/architectury-1.32.66.jar)
[06Feb2026 23:11:30.396] [main/DEBUG] [mixin/]: MixinPlatformAgentMinecraftForge rejected container ContainerHandleModLauncher.Resource(architectury-1.32.66.jar:/data/mods/architectury-1.32.66.jar)
[06Feb2026 23:11:30.396] [main/DEBUG] [mixin/]: Instancing new MixinPlatformAgentDefault for ContainerHandleModLauncher.Resource(architectury-1.32.66.jar:/data/mods/architectury-1.32.66.jar)
[06Feb2026 23:11:30.396] [main/DEBUG] [mixin/]: MixinPlatformAgentDefault accepted container ContainerHandleModLauncher.Resource(architectury-1.32.66.jar:/data/mods/architectury-1.32.66.jar)
[06Feb2026 23:11:30.396] [main/DEBUG] [mixin/]: Processing prepare() for PlatformAgent[MixinPlatformAgentDefault:ContainerHandleModLauncher.Resource(architectury-1.32.66.jar:/data/mods/architectury-1.32.66.jar)]
[06Feb2026 23:11:30.396] [main/DEBUG] [mixin/]: Registering mixin config: architectury.mixins.json
[06Feb2026 23:11:30.398] [main/DEBUG] [mixin/]: Registering mixin config: architectury-common.mixins.json
[06Feb2026 23:11:30.400] [main/DEBUG] [mixin/]: Adding mixin platform agents for container ContainerHandleModLauncher.Resource(ImmersiveRailroading-1.16.4-forge-1.8.0.1.jar:/data/mods/ImmersiveRailroading-1.16.4-forge-1.8.0.1.jar)
[06Feb2026 23:11:30.400] [main/DEBUG] [mixin/]: Instancing new MixinPlatformAgentMinecraftForge for ContainerHandleModLauncher.Resource(ImmersiveRailroading-1.16.4-forge-1.8.0.1.jar:/data/mods/ImmersiveRailroading-1.16.4-forge-1.8.0.1.jar)
[06Feb2026 23:11:30.400] [main/DEBUG] [mixin/]: MixinPlatformAgentMinecraftForge rejected container ContainerHandleModLauncher.Resource(ImmersiveRailroading-1.16.4-forge-1.8.0.1.jar:/data/mods/ImmersiveRailroading-1.16.4-forge-1.8.0.1.jar)
[06Feb2026 23:11:30.400] [main/DEBUG] [mixin/]: Instancing new MixinPlatformAgentDefault for ContainerHandleModLauncher.Resource(ImmersiveRailroading-1.16.4-forge-1.8.0.1.jar:/data/mods/ImmersiveRailroading-1.16.4-forge-1.8.0.1.jar)
[06Feb2026 23:11:30.400] [main/DEBUG] [mixin/]: MixinPlatformAgentDefault accepted container ContainerHandleModLauncher.Resource(ImmersiveRailroading-1.16.4-forge-1.8.0.1.jar:/data/mods/ImmersiveRailroading-1.16.4-forge-1.8.0.1.jar)
[06Feb2026 23:11:30.400] [main/DEBUG] [mixin/]: Processing prepare() for PlatformAgent[MixinPlatformAgentDefault:ContainerHandleModLauncher.Resource(ImmersiveRailroading-1.16.4-forge-1.8.0.1.jar:/data/mods/ImmersiveRailroading-1.16.4-forge-1.8.0.1.jar)]
[06Feb2026 23:11:30.400] [main/DEBUG] [mixin/]: Adding mixin platform agents for container ContainerHandleModLauncher.Resource(UniversalModCore-1.16.4-forge-1.0.1.jar:/data/mods/UniversalModCore-1.16.4-forge-1.0.1.jar)
[06Feb2026 23:11:30.400] [main/DEBUG] [mixin/]: Instancing new MixinPlatformAgentMinecraftForge for ContainerHandleModLauncher.Resource(UniversalModCore-1.16.4-forge-1.0.1.jar:/data/mods/UniversalModCore-1.16.4-forge-1.0.1.jar)
[06Feb2026 23:11:30.400] [main/DEBUG] [mixin/]: MixinPlatformAgentMinecraftForge rejected container ContainerHandleModLauncher.Resource(UniversalModCore-1.16.4-forge-1.0.1.jar:/data/mods/UniversalModCore-1.16.4-forge-1.0.1.jar)
[06Feb2026 23:11:30.400] [main/DEBUG] [mixin/]: Instancing new MixinPlatformAgentDefault for ContainerHandleModLauncher.Resource(UniversalModCore-1.16.4-forge-1.0.1.jar:/data/mods/UniversalModCore-1.16.4-forge-1.0.1.jar)
[06Feb2026 23:11:30.400] [main/DEBUG] [mixin/]: MixinPlatformAgentDefault accepted container ContainerHandleModLauncher.Resource(UniversalModCore-1.16.4-forge-1.0.1.jar:/data/mods/UniversalModCore-1.16.4-forge-1.0.1.jar)
[06Feb2026 23:11:30.400] [main/DEBUG] [mixin/]: Processing prepare() for PlatformAgent[MixinPlatformAgentDefault:ContainerHandleModLauncher.Resource(UniversalModCore-1.16.4-forge-1.0.1.jar:/data/mods/UniversalModCore-1.16.4-forge-1.0.1.jar)]
[06Feb2026 23:11:30.400] [main/DEBUG] [mixin/]: Adding mixin platform agents for container ContainerHandleModLauncher.Resource(cc-tweaked-1.16.4-1.95.3.jar:/data/mods/cc-tweaked-1.16.4-1.95.3.jar)
[06Feb2026 23:11:30.400] [main/DEBUG] [mixin/]: Instancing new MixinPlatformAgentMinecraftForge for ContainerHandleModLauncher.Resource(cc-tweaked-1.16.4-1.95.3.jar:/data/mods/cc-tweaked-1.16.4-1.95.3.jar)
[06Feb2026 23:11:30.400] [main/DEBUG] [mixin/]: MixinPlatformAgentMinecraftForge rejected container ContainerHandleModLauncher.Resource(cc-tweaked-1.16.4-1.95.3.jar:/data/mods/cc-tweaked-1.16.4-1.95.3.jar)
[06Feb2026 23:11:30.400] [main/DEBUG] [mixin/]: Instancing new MixinPlatformAgentDefault for ContainerHandleModLauncher.Resource(cc-tweaked-1.16.4-1.95.3.jar:/data/mods/cc-tweaked-1.16.4-1.95.3.jar)
[06Feb2026 23:11:30.401] [main/DEBUG] [mixin/]: MixinPlatformAgentDefault accepted container ContainerHandleModLauncher.Resource(cc-tweaked-1.16.4-1.95.3.jar:/data/mods/cc-tweaked-1.16.4-1.95.3.jar)
[06Feb2026 23:11:30.401] [main/DEBUG] [mixin/]: Processing prepare() for PlatformAgent[MixinPlatformAgentDefault:ContainerHandleModLauncher.Resource(cc-tweaked-1.16.4-1.95.3.jar:/data/mods/cc-tweaked-1.16.4-1.95.3.jar)]
[06Feb2026 23:11:30.401] [main/DEBUG] [mixin/]: Adding mixin platform agents for container ContainerHandleModLauncher.Resource(reusable_rockets-1.16.5-1.0.1.jar:/data/mods/reusable_rockets-1.16.5-1.0.1.jar)
[06Feb2026 23:11:30.401] [main/DEBUG] [mixin/]: Instancing new MixinPlatformAgentMinecraftForge for ContainerHandleModLauncher.Resource(reusable_rockets-1.16.5-1.0.1.jar:/data/mods/reusable_rockets-1.16.5-1.0.1.jar)
[06Feb2026 23:11:30.401] [main/DEBUG] [mixin/]: MixinPlatformAgentMinecraftForge rejected container ContainerHandleModLauncher.Resource(reusable_rockets-1.16.5-1.0.1.jar:/data/mods/reusable_rockets-1.16.5-1.0.1.jar)
[06Feb2026 23:11:30.401] [main/DEBUG] [mixin/]: Instancing new MixinPlatformAgentDefault for ContainerHandleModLauncher.Resource(reusable_rockets-1.16.5-1.0.1.jar:/data/mods/reusable_rockets-1.16.5-1.0.1.jar)
[06Feb2026 23:11:30.401] [main/DEBUG] [mixin/]: MixinPlatformAgentDefault accepted container ContainerHandleModLauncher.Resource(reusable_rockets-1.16.5-1.0.1.jar:/data/mods/reusable_rockets-1.16.5-1.0.1.jar)
[06Feb2026 23:11:30.401] [main/DEBUG] [mixin/]: Processing prepare() for PlatformAgent[MixinPlatformAgentDefault:ContainerHandleModLauncher.Resource(reusable_rockets-1.16.5-1.0.1.jar:/data/mods/reusable_rockets-1.16.5-1.0.1.jar)]
[06Feb2026 23:11:30.401] [main/DEBUG] [mixin/]: Adding mixin platform agents for container ContainerHandleModLauncher.Resource(ilikewood-1.16.5-6.3.0.0.jar:/data/mods/ilikewood-1.16.5-6.3.0.0.jar)
[06Feb2026 23:11:30.401] [main/DEBUG] [mixin/]: Instancing new MixinPlatformAgentMinecraftForge for ContainerHandleModLauncher.Resource(ilikewood-1.16.5-6.3.0.0.jar:/data/mods/ilikewood-1.16.5-6.3.0.0.jar)
[06Feb2026 23:11:30.401] [main/DEBUG] [mixin/]: MixinPlatformAgentMinecraftForge rejected container ContainerHandleModLauncher.Resource(ilikewood-1.16.5-6.3.0.0.jar:/data/mods/ilikewood-1.16.5-6.3.0.0.jar)
[06Feb2026 23:11:30.401] [main/DEBUG] [mixin/]: Instancing new MixinPlatformAgentDefault for ContainerHandleModLauncher.Resource(ilikewood-1.16.5-6.3.0.0.jar:/data/mods/ilikewood-1.16.5-6.3.0.0.jar)
[06Feb2026 23:11:30.401] [main/DEBUG] [mixin/]: MixinPlatformAgentDefault accepted container ContainerHandleModLauncher.Resource(ilikewood-1.16.5-6.3.0.0.jar:/data/mods/ilikewood-1.16.5-6.3.0.0.jar)
[06Feb2026 23:11:30.401] [main/DEBUG] [mixin/]: Processing prepare() for PlatformAgent[MixinPlatformAgentDefault:ContainerHandleModLauncher.Resource(ilikewood-1.16.5-6.3.0.0.jar:/data/mods/ilikewood-1.16.5-6.3.0.0.jar)]
[06Feb2026 23:11:30.401] [main/DEBUG] [mixin/]: Adding mixin platform agents for container ContainerHandleModLauncher.Resource(exlinefurniture-1.16.5-2.0.jar:/data/mods/exlinefurniture-1.16.5-2.0.jar)
[06Feb2026 23:11:30.401] [main/DEBUG] [mixin/]: Instancing new MixinPlatformAgentMinecraftForge for ContainerHandleModLauncher.Resource(exlinefurniture-1.16.5-2.0.jar:/data/mods/exlinefurniture-1.16.5-2.0.jar)
[06Feb2026 23:11:30.401] [main/DEBUG] [mixin/]: MixinPlatformAgentMinecraftForge rejected container ContainerHandleModLauncher.Resource(exlinefurniture-1.16.5-2.0.jar:/data/mods/exlinefurniture-1.16.5-2.0.jar)
[06Feb2026 23:11:30.401] [main/DEBUG] [mixin/]: Instancing new MixinPlatformAgentDefault for ContainerHandleModLauncher.Resource(exlinefurniture-1.16.5-2.0.jar:/data/mods/exlinefurniture-1.16.5-2.0.jar)
[06Feb2026 23:11:30.401] [main/DEBUG] [mixin/]: MixinPlatformAgentDefault accepted container ContainerHandleModLauncher.Resource(exlinefurniture-1.16.5-2.0.jar:/data/mods/exlinefurniture-1.16.5-2.0.jar)
[06Feb2026 23:11:30.401] [main/DEBUG] [mixin/]: Processing prepare() for PlatformAgent[MixinPlatformAgentDefault:ContainerHandleModLauncher.Resource(exlinefurniture-1.16.5-2.0.jar:/data/mods/exlinefurniture-1.16.5-2.0.jar)]
[06Feb2026 23:11:30.401] [main/DEBUG] [mixin/]: inject() running with 59 agents
[06Feb2026 23:11:30.402] [main/DEBUG] [mixin/]: Processing inject() for PlatformAgent[MixinPlatformAgentDefault:ModLauncher Root Container(ModLauncher:4f56a0a2)]
[06Feb2026 23:11:30.402] [main/DEBUG] [mixin/]: Processing inject() for PlatformAgent[MixinPlatformAgentDefault:ContainerHandleModLauncher.Resource(spIIfix.jar:/data/mods/spIIfix.jar)]
[06Feb2026 23:11:30.402] [main/DEBUG] [mixin/]: Processing inject() for PlatformAgent[MixinPlatformAgentDefault:ContainerHandleModLauncher.Resource(Tabula-1.16.5-10.5.1.jar:/data/mods/Tabula-1.16.5-10.5.1.jar)]
[06Feb2026 23:11:30.402] [main/DEBUG] [mixin/]: Processing inject() for PlatformAgent[MixinPlatformAgentDefault:ContainerHandleModLauncher.Resource(immersivecooking-1.0.1.jar:/data/mods/immersivecooking-1.0.1.jar)]
[06Feb2026 23:11:30.402] [main/DEBUG] [mixin/]: Processing inject() for PlatformAgent[MixinPlatformAgentDefault:ContainerHandleModLauncher.Resource(UnionLib-1.16.5-3.3.7.jar:/data/mods/UnionLib-1.16.5-3.3.7.jar)]
[06Feb2026 23:11:30.402] [main/DEBUG] [mixin/]: Processing inject() for PlatformAgent[MixinPlatformAgentDefault:ContainerHandleModLauncher.Resource(jei-1.16.5-7.7.1.150.jar:/data/mods/jei-1.16.5-7.7.1.150.jar)]
[06Feb2026 23:11:30.402] [main/DEBUG] [mixin/]: Processing inject() for PlatformAgent[MixinPlatformAgentDefault:ContainerHandleModLauncher.Resource(abnormals_core-1.16.5-3.3.0.jar:/data/mods/abnormals_core-1.16.5-3.3.0.jar)]
[06Feb2026 23:11:30.402] [main/DEBUG] [mixin/]: Processing inject() for PlatformAgent[MixinPlatformAgentDefault:ContainerHandleModLauncher.Resource(extraboats-1.16.5-2.1.1.jar:/data/mods/extraboats-1.16.5-2.1.1.jar)]
[06Feb2026 23:11:30.402] [main/DEBUG] [mixin/]: Processing inject() for PlatformAgent[MixinPlatformAgentDefault:ContainerHandleModLauncher.Resource(Space-BossTools-1.16.5-5.5d.jar:/data/mods/Space-BossTools-1.16.5-5.5d.jar)]
[06Feb2026 23:11:30.402] [main/DEBUG] [mixin/]: Processing inject() for PlatformAgent[MixinPlatformAgentDefault:ContainerHandleModLauncher.Resource(Borealis-1.1.6.jar:/data/mods/Borealis-1.1.6.jar)]
[06Feb2026 23:11:30.402] [main/DEBUG] [mixin/]: Processing inject() for PlatformAgent[MixinPlatformAgentDefault:ContainerHandleModLauncher.Resource(Waystones_1.16.5-7.4.0.jar:/data/mods/Waystones_1.16.5-7.4.0.jar)]
[06Feb2026 23:11:30.402] [main/DEBUG] [mixin/]: Processing inject() for PlatformAgent[MixinPlatformAgentDefault:ContainerHandleModLauncher.Resource(journeymap-1.16.5-5.7.1.jar:/data/mods/journeymap-1.16.5-5.7.1.jar)]
[06Feb2026 23:11:30.402] [main/DEBUG] [mixin/]: Processing inject() for PlatformAgent[MixinPlatformAgentDefault:ContainerHandleModLauncher.Resource(comforts-forge-1.16.5-4.0.1.5.jar:/data/mods/comforts-forge-1.16.5-4.0.1.5.jar)]
[06Feb2026 23:11:30.402] [main/DEBUG] [mixin/]: Processing inject() for PlatformAgent[MixinPlatformAgentDefault:ContainerHandleModLauncher.Resource(configured-1.5.3-1.16.5.jar:/data/mods/configured-1.5.3-1.16.5.jar)]
[06Feb2026 23:11:30.402] [main/DEBUG] [mixin/]: Processing inject() for PlatformAgent[MixinPlatformAgentDefault:ContainerHandleModLauncher.Resource(YungsApi-1.16.4-Forge-13.jar:/data/mods/YungsApi-1.16.4-Forge-13.jar)]
[06Feb2026 23:11:30.402] [main/DEBUG] [mixin/]: Processing inject() for PlatformAgent[MixinPlatformAgentDefault:ContainerHandleModLauncher.Resource(environmental-1.16.5-1.1.1.jar:/data/mods/environmental-1.16.5-1.1.1.jar)]
[06Feb2026 23:11:30.402] [main/DEBUG] [mixin/]: Processing inject() for PlatformAgent[MixinPlatformAgentDefault:ContainerHandleModLauncher.Resource(betteranimalsplus-1.16.5-11.0.8-forge.jar:/data/mods/betteranimalsplus-1.16.5-11.0.8-forge.jar)]
[06Feb2026 23:11:30.402] [main/DEBUG] [mixin/]: Processing inject() for PlatformAgent[MixinPlatformAgentDefault:ContainerHandleModLauncher.Resource(bamboo_blocks-1.16.5-3.0.1.jar:/data/mods/bamboo_blocks-1.16.5-3.0.1.jar)]
[06Feb2026 23:11:30.402] [main/DEBUG] [mixin/]: Processing inject() for PlatformAgent[MixinPlatformAgentDefault:ContainerHandleModLauncher.Resource(buildinggadgets-1.16.5-3.8.0.jar:/data/mods/buildinggadgets-1.16.5-3.8.0.jar)]
[06Feb2026 23:11:30.402] [main/DEBUG] [mixin/]: Processing inject() for PlatformAgent[MixinPlatformAgentDefault:ContainerHandleModLauncher.Resource(simpleplanes-1.16.5-4.6.0.jar:/data/mods/simpleplanes-1.16.5-4.6.0.jar)]
[06Feb2026 23:11:30.402] [main/DEBUG] [mixin/]: Processing inject() for PlatformAgent[MixinPlatformAgentDefault:ContainerHandleModLauncher.Resource(Immersive Vehicles-1.16.5-22.17.0.jar:/data/mods/Immersive Vehicles-1.16.5-22.17.0.jar)]
[06Feb2026 23:11:30.402] [main/DEBUG] [mixin/]: Processing inject() for PlatformAgent[MixinPlatformAgentDefault:ContainerHandleModLauncher.Resource(catalogue-1.6.1-1.16.5.jar:/data/mods/catalogue-1.6.1-1.16.5.jar)]
[06Feb2026 23:11:30.403] [main/DEBUG] [mixin/]: Processing inject() for PlatformAgent[MixinPlatformAgentDefault:ContainerHandleModLauncher.Resource(iChunUtil-1.16.5-10.7.0.jar:/data/mods/iChunUtil-1.16.5-10.7.0.jar)]
[06Feb2026 23:11:30.403] [main/DEBUG] [mixin/]: Processing inject() for PlatformAgent[MixinPlatformAgentDefault:ContainerHandleModLauncher.Resource(ImmersivePetroleum-1.16.5-3.3.0-11.jar:/data/mods/ImmersivePetroleum-1.16.5-3.3.0-11.jar)]
[06Feb2026 23:11:30.403] [main/DEBUG] [mixin/]: Processing inject() for PlatformAgent[MixinPlatformAgentDefault:ContainerHandleModLauncher.Resource(forge-1.16.5-36.2.34-universal.jar:/data/libraries/net/minecraftforge/forge/1.16.5-36.2.34/forge-1.16.5-36.2.34-universal.jar)]
[06Feb2026 23:11:30.403] [main/DEBUG] [mixin/]: Processing inject() for PlatformAgent[MixinPlatformAgentDefault:ContainerHandleModLauncher.Resource(TravelersTitles-1.16.4-1.5.jar:/data/mods/TravelersTitles-1.16.4-1.5.jar)]
[06Feb2026 23:11:30.403] [main/DEBUG] [mixin/]: Processing inject() for PlatformAgent[MixinPlatformAgentDefault:ContainerHandleModLauncher.Resource(Morph-1.16.5-10.2.1.jar:/data/mods/Morph-1.16.5-10.2.1.jar)]
[06Feb2026 23:11:30.403] [main/DEBUG] [mixin/]: Processing inject() for PlatformAgent[MixinPlatformAgentDefault:ContainerHandleModLauncher.Resource(immersiveposts-1.16.5-4.1.0.jar:/data/mods/immersiveposts-1.16.5-4.1.0.jar)]
[06Feb2026 23:11:30.403] [main/DEBUG] [mixin/]: Processing inject() for PlatformAgent[MixinPlatformAgentDefault:ContainerHandleModLauncher.Resource(forge-1.16.5-36.2.34-server.jar:/data/libraries/net/minecraftforge/forge/1.16.5-36.2.34/forge-1.16.5-36.2.34-server.jar)]
[06Feb2026 23:11:30.403] [main/DEBUG] [mixin/]: Processing inject() for PlatformAgent[MixinPlatformAgentDefault:ContainerHandleModLauncher.Resource(upgrade_aquatic-1.16.5-3.1.2.jar:/data/mods/upgrade_aquatic-1.16.5-3.1.2.jar)]
[06Feb2026 23:11:30.403] [main/DEBUG] [mixin/]: Processing inject() for PlatformAgent[MixinPlatformAgentDefault:ContainerHandleModLauncher.Resource(TConstruct-1.16.5-3.3.4.335.jar:/data/mods/TConstruct-1.16.5-3.3.4.335.jar)]
[06Feb2026 23:11:30.403] [main/DEBUG] [mixin/]: Processing inject() for PlatformAgent[MixinPlatformAgentDefault:ContainerHandleModLauncher.Resource(FarmersDelight-1.16.5-0.5.4.jar:/data/mods/FarmersDelight-1.16.5-0.5.4.jar)]
[06Feb2026 23:11:30.403] [main/DEBUG] [mixin/]: Processing inject() for PlatformAgent[MixinPlatformAgentDefault:ContainerHandleModLauncher.Resource(instantbuildings-1-16-5-1-0-1.jar:/data/mods/instantbuildings-1-16-5-1-0-1.jar)]
[06Feb2026 23:11:30.403] [main/DEBUG] [mixin/]: Processing inject() for PlatformAgent[MixinPlatformAgentDefault:ContainerHandleModLauncher.Resource(ImmersiveEngineering-1.16.5-5.0.6-141.jar:/data/mods/ImmersiveEngineering-1.16.5-5.0.6-141.jar)]
[06Feb2026 23:11:30.403] [main/DEBUG] [mixin/]: Processing inject() for PlatformAgent[MixinPlatformAgentDefault:ContainerHandleModLauncher.Resource(BiomesOPlenty-1.16.5-13.1.0.477-universal.jar:/data/mods/BiomesOPlenty-1.16.5-13.1.0.477-universal.jar)]
[06Feb2026 23:11:30.403] [main/DEBUG] [mixin/]: Processing inject() for PlatformAgent[MixinPlatformAgentDefault:ContainerHandleModLauncher.Resource(MushroomFoxMod_V.4.2_1.16.5.jar:/data/mods/MushroomFoxMod_V.4.2_1.16.5.jar)]
[06Feb2026 23:11:30.403] [main/DEBUG] [mixin/]: Processing inject() for PlatformAgent[MixinPlatformAgentDefault:ContainerHandleModLauncher.Resource(webasemod-1.16.5-1.3.1.jar:/data/mods/webasemod-1.16.5-1.3.1.jar)]
[06Feb2026 23:11:30.403] [main/DEBUG] [mixin/]: Processing inject() for PlatformAgent[MixinPlatformAgentDefault:ContainerHandleModLauncher.Resource(movingelevators-1.2.34-mc1.16.5.jar:/data/mods/movingelevators-1.2.34-mc1.16.5.jar)]
[06Feb2026 23:11:30.403] [main/DEBUG] [mixin/]: Processing inject() for PlatformAgent[MixinPlatformAgentDefault:ContainerHandleModLauncher.Resource(personality-1.16.5-1.0.3.jar:/data/mods/personality-1.16.5-1.0.3.jar)]
[06Feb2026 23:11:30.403] [main/DEBUG] [mixin/]: Processing inject() for PlatformAgent[MixinPlatformAgentDefault:ContainerHandleModLauncher.Resource(TrackAPI-1.16.4-forge-1.2.1.jar:/data/mods/TrackAPI-1.16.4-forge-1.2.1.jar)]
[06Feb2026 23:11:30.403] [main/DEBUG] [mixin/]: Processing inject() for PlatformAgent[MixinPlatformAgentDefault:ContainerHandleModLauncher.Resource(jeiintegration_1.16.5-7.0.1.15.jar:/data/mods/jeiintegration_1.16.5-7.0.1.15.jar)]
[06Feb2026 23:11:30.403] [main/DEBUG] [mixin/]: Processing inject() for PlatformAgent[MixinPlatformAgentDefault:ContainerHandleModLauncher.Resource(Wilds+Version+2.8.jar:/data/mods/Wilds+Version+2.8.jar)]
[06Feb2026 23:11:30.403] [main/DEBUG] [mixin/]: Processing inject() for PlatformAgent[MixinPlatformAgentDefault:ContainerHandleModLauncher.Resource(curios-forge-1.16.5-4.0.7.0.jar:/data/mods/curios-forge-1.16.5-4.0.7.0.jar)]
[06Feb2026 23:11:30.403] [main/DEBUG] [mixin/]: Processing inject() for PlatformAgent[MixinPlatformAgentDefault:ContainerHandleModLauncher.Resource(C.M.A_Transport_Pack _v.3.1-1.16.5.jar:/data/mods/C.M.A_Transport_Pack _v.3.1-1.16.5.jar)]
[06Feb2026 23:11:30.404] [main/DEBUG] [mixin/]: Processing inject() for PlatformAgent[MixinPlatformAgentDefault:ContainerHandleModLauncher.Resource(Mantle-1.16.5-1.6.157.jar:/data/mods/Mantle-1.16.5-1.6.157.jar)]
[06Feb2026 23:11:30.404] [main/DEBUG] [mixin/]: Processing inject() for PlatformAgent[MixinPlatformAgentDefault:ContainerHandleModLauncher.Resource(autumnity-1.16.5-2.1.2.jar:/data/mods/autumnity-1.16.5-2.1.2.jar)]
[06Feb2026 23:11:30.404] [main/DEBUG] [mixin/]: Processing inject() for PlatformAgent[MixinPlatformAgentDefault:ContainerHandleModLauncher.Resource(backpacked-2.0.3-mc1.16.5.jar:/data/mods/backpacked-2.0.3-mc1.16.5.jar)]
[06Feb2026 23:11:30.404] [main/DEBUG] [mixin/]: Processing inject() for PlatformAgent[MixinPlatformAgentDefault:ContainerHandleModLauncher.Resource(Survive-1.16.5-3.4.8.jar:/data/mods/Survive-1.16.5-3.4.8.jar)]
[06Feb2026 23:11:30.404] [main/DEBUG] [mixin/]: Processing inject() for PlatformAgent[MixinPlatformAgentDefault:ContainerHandleModLauncher.Resource(obfuscate-0.6.2-1.16.3.jar:/data/mods/obfuscate-0.6.2-1.16.3.jar)]
[06Feb2026 23:11:30.404] [main/DEBUG] [mixin/]: Processing inject() for PlatformAgent[MixinPlatformAgentDefault:ContainerHandleModLauncher.Resource(vehicle-mod-0.45.2-1.16.3.jar:/data/mods/vehicle-mod-0.45.2-1.16.3.jar)]
[06Feb2026 23:11:30.404] [main/DEBUG] [mixin/]: Processing inject() for PlatformAgent[MixinPlatformAgentDefault:ContainerHandleModLauncher.Resource(worldedit-mod-7.2.5-dist.jar:/data/mods/worldedit-mod-7.2.5-dist.jar)]
[06Feb2026 23:11:30.404] [main/DEBUG] [mixin/]: Processing inject() for PlatformAgent[MixinPlatformAgentDefault:ContainerHandleModLauncher.Resource(cfm-7.0.0pre22-1.16.3.jar:/data/mods/cfm-7.0.0pre22-1.16.3.jar)]
[06Feb2026 23:11:30.404] [main/DEBUG] [mixin/]: Processing inject() for PlatformAgent[MixinPlatformAgentDefault:ContainerHandleModLauncher.Resource(architectury-1.32.66.jar:/data/mods/architectury-1.32.66.jar)]
[06Feb2026 23:11:30.404] [main/DEBUG] [mixin/]: Processing inject() for PlatformAgent[MixinPlatformAgentDefault:ContainerHandleModLauncher.Resource(ImmersiveRailroading-1.16.4-forge-1.8.0.1.jar:/data/mods/ImmersiveRailroading-1.16.4-forge-1.8.0.1.jar)]
[06Feb2026 23:11:30.404] [main/DEBUG] [mixin/]: Processing inject() for PlatformAgent[MixinPlatformAgentDefault:ContainerHandleModLauncher.Resource(UniversalModCore-1.16.4-forge-1.0.1.jar:/data/mods/UniversalModCore-1.16.4-forge-1.0.1.jar)]
[06Feb2026 23:11:30.404] [main/DEBUG] [mixin/]: Processing inject() for PlatformAgent[MixinPlatformAgentDefault:ContainerHandleModLauncher.Resource(cc-tweaked-1.16.4-1.95.3.jar:/data/mods/cc-tweaked-1.16.4-1.95.3.jar)]
[06Feb2026 23:11:30.404] [main/DEBUG] [mixin/]: Processing inject() for PlatformAgent[MixinPlatformAgentDefault:ContainerHandleModLauncher.Resource(reusable_rockets-1.16.5-1.0.1.jar:/data/mods/reusable_rockets-1.16.5-1.0.1.jar)]
[06Feb2026 23:11:30.404] [main/DEBUG] [mixin/]: Processing inject() for PlatformAgent[MixinPlatformAgentDefault:ContainerHandleModLauncher.Resource(ilikewood-1.16.5-6.3.0.0.jar:/data/mods/ilikewood-1.16.5-6.3.0.0.jar)]
[06Feb2026 23:11:30.404] [main/DEBUG] [mixin/]: Processing inject() for PlatformAgent[MixinPlatformAgentDefault:ContainerHandleModLauncher.Resource(exlinefurniture-1.16.5-2.0.jar:/data/mods/exlinefurniture-1.16.5-2.0.jar)]
[06Feb2026 23:11:30.537] [main/DEBUG] [mixin/]: Error cleaning class output directory: .mixin.out/class: failed to delete one or more files; see suppressed exceptions for details
[06Feb2026 23:11:30.572] [main/DEBUG] [mixin/]: Preparing mixins for MixinEnvironment[PREINIT]
[06Feb2026 23:11:30.599] [main/INFO] [mixin/]: Successfully loaded Mixin Connector [mcinterface1165.mixin.MixinConnector]
[06Feb2026 23:11:30.600] [main/INFO] [cpw.mods.modlauncher.LaunchServiceHandler/MODLAUNCHER]: Launching target 'fmlserver' with arguments [--gameDir, .]
[06Feb2026 23:11:30.615] [main/DEBUG] [mixin/]: Preparing mixins for MixinEnvironment[DEFAULT]
[06Feb2026 23:11:30.615] [main/DEBUG] [mixin/]: Selecting config immersivecooking.mixins.json
[06Feb2026 23:11:30.623] [main/WARN] [mixin/]: Reference map 'immersivecooking.refmap.json' for immersivecooking.mixins.json could not be read. If this is a development environment you can ignore this message
[06Feb2026 23:11:30.624] [main/DEBUG] [mixin/]: Selecting config unionlib.mixins.json
[06Feb2026 23:11:30.625] [main/DEBUG] [mixin/]: Selecting config abnormals_core.mixins.json
[06Feb2026 23:11:30.626] [main/DEBUG] [mixin/]: Selecting config extraboats.mixins.json
[06Feb2026 23:11:30.627] [main/DEBUG] [mixin/]: Selecting config boss_tools.mixin.json
[06Feb2026 23:11:30.627] [main/DEBUG] [mixin/]: Selecting config yungsapi.mixins.json
[06Feb2026 23:11:30.628] [main/DEBUG] [mixin/]: Selecting config environmental.mixins.json
[06Feb2026 23:11:30.629] [main/DEBUG] [mixin/]: Selecting config mixin.imdlib-betteranimalsplus.json
[06Feb2026 23:11:30.630] [main/DEBUG] [mixin/]: Selecting config betteranimalsplus.mixins.json
[06Feb2026 23:11:30.631] [main/DEBUG] [mixin/]: Selecting config simpleplanes.mixins.json
[06Feb2026 23:11:30.632] [main/DEBUG] [mixin/]: Selecting config mts.mixins.json
[06Feb2026 23:11:30.633] [main/DEBUG] [mixin/]: Selecting config morph.mixins.json
[06Feb2026 23:11:30.634] [main/DEBUG] [mixin/]: Selecting config upgrade_aquatic.mixins.json
[06Feb2026 23:11:30.635] [main/DEBUG] [mixin/]: Selecting config farmersdelight.mixins.json
[06Feb2026 23:11:30.636] [main/DEBUG] [mixin/]: Selecting config immersiveengineering.mixins.json
[06Feb2026 23:11:30.643] [main/DEBUG] [mixin/]: Selecting config personality.mixins.json
[06Feb2026 23:11:30.644] [main/DEBUG] [mixin/]: Selecting config autumnity.mixins.json
[06Feb2026 23:11:30.646] [main/DEBUG] [mixin/]: Selecting config backpacked.mixins.json
[06Feb2026 23:11:30.647] [main/DEBUG] [mixin/]: Selecting config survive.mixins.json
[06Feb2026 23:11:30.648] [main/DEBUG] [mixin/]: Selecting config obfuscate.mixins.json
[06Feb2026 23:11:30.660] [main/DEBUG] [mixin/]: Selecting config cfm.mixins.json
[06Feb2026 23:11:30.661] [main/DEBUG] [mixin/]: Selecting config architectury.mixins.json
[06Feb2026 23:11:30.675] [main/DEBUG] [mixin/]: Selecting config architectury-common.mixins.json
[06Feb2026 23:11:30.676] [main/DEBUG] [mixin/]: Preparing immersivecooking.mixins.json (0)
[06Feb2026 23:11:30.677] [main/DEBUG] [mixin/]: Preparing unionlib.mixins.json (1)
[06Feb2026 23:11:30.809] [main/DEBUG] [mixin/]: Preparing abnormals_core.mixins.json (20)
[06Feb2026 23:11:30.941] [main/DEBUG] [net.minecraftforge.coremod.transformer.CoreModBaseTransformer/COREMOD]: Transforming func_219970_i with desc (Lnet/minecraft/item/ItemStack;)Z
[06Feb2026 23:11:31.112] [main/DEBUG] [mixin/]: Preparing extraboats.mixins.json (3)
[06Feb2026 23:11:31.141] [main/DEBUG] [mixin/]: Preparing boss_tools.mixin.json (4)
[06Feb2026 23:11:31.167] [main/DEBUG] [mixin/]: Preparing yungsapi.mixins.json (1)
[06Feb2026 23:11:31.186] [main/DEBUG] [mixin/]: Preparing environmental.mixins.json (13)
[06Feb2026 23:11:31.208] [main/DEBUG] [net.minecraftforge.coremod.transformer.CoreModBaseTransformer/COREMOD]: Transforming func_85036_m with desc ()V
[06Feb2026 23:11:31.220] [main/DEBUG] [net.minecraftforge.coremod.transformer.CoreModBaseTransformer/COREMOD]: Transforming func_230280_a_ with desc (Lnet/minecraft/item/ShootableItem;)Z
[06Feb2026 23:11:31.329] [main/DEBUG] [mixin/]: Preparing mixin.imdlib-betteranimalsplus.json (6)
[06Feb2026 23:11:31.361] [main/DEBUG] [mixin/]: Preparing betteranimalsplus.mixins.json (4)
[06Feb2026 23:11:31.389] [main/DEBUG] [mixin/]: Preparing simpleplanes.mixins.json (1)
[06Feb2026 23:11:31.389] [main/DEBUG] [mixin/]: Preparing mts.mixins.json (10)
[06Feb2026 23:11:31.424] [main/FATAL] [net.minecraftforge.fml.loading.RuntimeDistCleaner/DISTXFORM]: Attempted to load class net/minecraft/client/Minecraft for invalid dist DEDICATED_SERVER
[06Feb2026 23:11:31.425] [main/WARN] [mixin/]: Error loading class: net/minecraft/client/Minecraft (java.lang.RuntimeException: Attempted to load class net/minecraft/client/Minecraft for invalid dist DEDICATED_SERVER)
[06Feb2026 23:11:31.425] [main/WARN] [mixin/]: @Mixin target net.minecraft.client.Minecraft was not found mts.mixins.json:common.MinecraftMixin
[06Feb2026 23:11:31.425] [main/DEBUG] [mixin/]: Preparing morph.mixins.json (10)
[06Feb2026 23:11:31.459] [main/DEBUG] [mixin/]: Preparing upgrade_aquatic.mixins.json (9)
[06Feb2026 23:11:31.517] [main/DEBUG] [mixin/]: Preparing farmersdelight.mixins.json (8)
[06Feb2026 23:11:31.581] [main/DEBUG] [mixin/]: Preparing immersiveengineering.mixins.json (33)
[06Feb2026 23:11:31.852] [main/DEBUG] [mixin/]: Preparing personality.mixins.json (6)
[06Feb2026 23:11:31.854] [main/DEBUG] [mixin/]: Preparing autumnity.mixins.json (2)
[06Feb2026 23:11:31.895] [main/DEBUG] [mixin/]: Preparing backpacked.mixins.json (11)
[06Feb2026 23:11:31.928] [main/DEBUG] [net.minecraftforge.coremod.transformer.CoreModBaseTransformer/COREMOD]: Transforming func_225533_a_ with desc (Lnet/minecraft/block/BlockState;Lnet/minecraft/world/World;Lnet/minecraft/util/math/BlockPos;Lnet/minecraft/entity/player/PlayerEntity;Lnet/minecraft/util/Hand;Lnet/minecraft/util/math/BlockRayTraceResult;)Lnet/minecraft/util/ActionResultType;
[06Feb2026 23:11:31.994] [main/DEBUG] [net.minecraftforge.coremod.transformer.CoreModBaseTransformer/COREMOD]: Transforming func_230254_b_ with desc (Lnet/minecraft/entity/player/PlayerEntity;Lnet/minecraft/util/Hand;)Lnet/minecraft/util/ActionResultType;
[06Feb2026 23:11:31.997] [main/DEBUG] [mixin/]: Preparing survive.mixins.json (7)
[06Feb2026 23:11:32.036] [main/DEBUG] [mixin/]: Preparing obfuscate.mixins.json (8)
[06Feb2026 23:11:32.036] [main/DEBUG] [mixin/]: Preparing cfm.mixins.json (1)
[06Feb2026 23:11:32.036] [main/DEBUG] [mixin/]: Preparing architectury.mixins.json (18)
[06Feb2026 23:11:32.158] [main/DEBUG] [mixin/]: Preparing architectury-common.mixins.json (6)
[06Feb2026 23:11:32.238] [main/DEBUG] [mixin/]: Registering new injector for @Inject with org.spongepowered.asm.mixin.injection.struct.CallbackInjectionInfo
[06Feb2026 23:11:32.240] [main/DEBUG] [mixin/]: Registering new injector for @ModifyArg with org.spongepowered.asm.mixin.injection.struct.ModifyArgInjectionInfo
[06Feb2026 23:11:32.241] [main/DEBUG] [mixin/]: Registering new injector for @ModifyArgs with org.spongepowered.asm.mixin.injection.struct.ModifyArgsInjectionInfo
[06Feb2026 23:11:32.243] [main/DEBUG] [mixin/]: Registering new injector for @Redirect with org.spongepowered.asm.mixin.injection.struct.RedirectInjectionInfo
[06Feb2026 23:11:32.244] [main/DEBUG] [mixin/]: Registering new injector for @ModifyVariable with org.spongepowered.asm.mixin.injection.struct.ModifyVariableInjectionInfo
[06Feb2026 23:11:32.245] [main/DEBUG] [mixin/]: Registering new injector for @ModifyConstant with org.spongepowered.asm.mixin.injection.struct.ModifyConstantInjectionInfo
[06Feb2026 23:11:32.464] [main/DEBUG] [mixin/]: Prepared 120 mixins in 1.843 sec (15.4ms avg) (0ms load, 0ms transform, 0ms plugin)
[06Feb2026 23:11:33.362] [main/DEBUG] [mixin/]: Mixing BlockMixin from autumnity.mixins.json into net.minecraft.block.Block
[06Feb2026 23:11:33.376] [main/DEBUG] [mixin/]: Mixing BlockMixin from survive.mixins.json into net.minecraft.block.Block
[06Feb2026 23:11:33.474] [main/DEBUG] [net.minecraftforge.coremod.transformer.CoreModBaseTransformer/COREMOD]: Transforming func_82840_a with desc (Lnet/minecraft/entity/player/PlayerEntity;Lnet/minecraft/client/util/ITooltipFlag;)Ljava/util/List;
[06Feb2026 23:11:33.539] [main/DEBUG] [net.minecraftforge.coremod.transformer.CoreModBaseTransformer/COREMOD]: Transforming net/minecraft/item/ItemStack
[06Feb2026 23:11:33.619] [main/DEBUG] [net.minecraftforge.coremod.transformer.CoreModBaseTransformer/COREMOD]: Transforming net/minecraft/item/ItemStack
[06Feb2026 23:11:33.759] [main/DEBUG] [mixin/]: Mixing FluidInvokerMixin from abnormals_core.mixins.json into net.minecraft.fluid.Fluid
[06Feb2026 23:11:33.774] [main/DEBUG] [net.minecraftforge.coremod.transformer.CoreModBaseTransformer/COREMOD]: Transforming func_219970_i with desc (Lnet/minecraft/item/ItemStack;)Z
[06Feb2026 23:11:33.775] [main/DEBUG] [mixin/]: Mixing ItemInvokerMixin from abnormals_core.mixins.json into net.minecraft.item.Item
[06Feb2026 23:11:33.796] [main/DEBUG] [mixin/]: Mixing EntityTypeAccessor from mixin.imdlib-betteranimalsplus.json into net.minecraft.entity.EntityType
[06Feb2026 23:11:33.803] [main/DEBUG] [mixin/]: Mixing accessors.TileTypeAccess from immersiveengineering.mixins.json into net.minecraft.tileentity.TileEntityType
[06Feb2026 23:11:33.868] [main/DEBUG] [mixin/]: Mixing KeepRichSoilMixin from farmersdelight.mixins.json into net.minecraft.world.gen.feature.Feature
[06Feb2026 23:11:33.868] [main/DEBUG] [mixin/]: Renaming synthetic method lambda$keepRichSoil$0(Lnet/minecraft/block/BlockState;)Z to md4fa1de$lambda$keepRichSoil$0$0 in farmersdelight.mixins.json:KeepRichSoilMixin
[06Feb2026 23:11:34.184] [main/DEBUG] [mixin/]: Mixing GrassBlockMixin from environmental.mixins.json into net.minecraft.block.GrassBlock
[06Feb2026 23:11:34.185] [main/DEBUG] [mixin/]: Renaming synthetic method lambda$getFlowerFeatures$0(Lnet/minecraft/world/gen/feature/ConfiguredFeature;)Z to md4fa1de$lambda$getFlowerFeatures$0$0 in environmental.mixins.json:GrassBlockMixin
[06Feb2026 23:11:34.242] [main/DEBUG] [net.minecraftforge.coremod.transformer.CoreModBaseTransformer/COREMOD]: Transforming net/minecraft/block/FlowingFluidBlock
[06Feb2026 23:11:34.248] [main/DEBUG] [mixin/]: Mixing BlockLandingInvoker from architectury-common.mixins.json into net.minecraft.block.FallingBlock
[06Feb2026 23:11:34.356] [main/DEBUG] [mixin/]: Mixing DoublePlantBlockMixin from environmental.mixins.json into net.minecraft.block.DoublePlantBlock
[06Feb2026 23:11:34.469] [main/DEBUG] [net.minecraftforge.coremod.transformer.CoreModBaseTransformer/COREMOD]: Transforming net/minecraft/block/StairsBlock
[06Feb2026 23:11:34.563] [main/DEBUG] [net.minecraftforge.coremod.transformer.CoreModBaseTransformer/COREMOD]: Transforming func_225533_a_ with desc (Lnet/minecraft/block/BlockState;Lnet/minecraft/world/World;Lnet/minecraft/util/math/BlockPos;Lnet/minecraft/entity/player/PlayerEntity;Lnet/minecraft/util/Hand;Lnet/minecraft/util/math/BlockRayTraceResult;)Lnet/minecraft/util/ActionResultType;
[06Feb2026 23:11:34.601] [main/DEBUG] [mixin/]: Mixing MyceliumBlockMixin from environmental.mixins.json into net.minecraft.block.MyceliumBlock
[06Feb2026 23:11:34.607] [main/DEBUG] [mixin/]: Mixing LilyPadBlockMixin from environmental.mixins.json into net.minecraft.block.LilyPadBlock
[06Feb2026 23:11:34.638] [main/DEBUG] [mixin/]: Mixing CauldronBlockMixin from survive.mixins.json into net.minecraft.block.CauldronBlock
[06Feb2026 23:11:34.736] [main/DEBUG] [net.minecraftforge.coremod.transformer.CoreModBaseTransformer/COREMOD]: Transforming func_176208_a with desc (Lnet/minecraft/world/World;Lnet/minecraft/util/math/BlockPos;Lnet/minecraft/block/BlockState;Lnet/minecraft/entity/player/PlayerEntity;)V
[06Feb2026 23:11:34.745] [main/DEBUG] [net.minecraftforge.coremod.transformer.CoreModBaseTransformer/COREMOD]: Transforming net/minecraft/block/FlowerPotBlock
[06Feb2026 23:11:34.769] [main/DEBUG] [mixin/]: Mixing BlockLandingInvoker from architectury-common.mixins.json into net.minecraft.block.AnvilBlock
[06Feb2026 23:11:34.807] [main/DEBUG] [mixin/]: Mixing common.ConcretePowderBlockMixin from mts.mixins.json into net.minecraft.block.ConcretePowderBlock
[06Feb2026 23:11:34.808] [main/DEBUG] [mixin/]: Mixing accessors.ConcretePowderBlockAccess from immersiveengineering.mixins.json into net.minecraft.block.ConcretePowderBlock
[06Feb2026 23:11:34.808] [main/DEBUG] [mixin/]: Mixing BlockLandingInvoker from architectury-common.mixins.json into net.minecraft.block.ConcretePowderBlock
[06Feb2026 23:11:34.809] [main/DEBUG] [mixin/]: Unexpected: Registered method getConcrete()Lnet/minecraft/block/BlockState; in net.minecraft.block.ConcretePowderBlock was not merged
[06Feb2026 23:11:34.836] [main/DEBUG] [mixin/]: Mixing BubbleColumnMixin from upgrade_aquatic.mixins.json into net.minecraft.block.BubbleColumnBlock
[06Feb2026 23:11:34.836] [main/DEBUG] [mixin/]: Renaming synthetic method lambda$tick$1(Lnet/minecraft/block/Block;Lnet/minecraft/world/server/ServerWorld;Lnet/minecraft/util/math/BlockPos;Ljava/util/function/Supplier;Ljava/util/function/Supplier;)V to md4fa1de$lambda$tick$1$0 in upgrade_aquatic.mixins.json:BubbleColumnMixin
[06Feb2026 23:11:34.837] [main/DEBUG] [mixin/]: Renaming synthetic method lambda$tick$0(Lnet/minecraft/block/Block;Lnet/minecraft/world/server/ServerWorld;Lnet/minecraft/util/math/BlockPos;Ljava/util/function/Supplier;Ljava/util/function/Supplier;)V to md4fa1de$lambda$tick$0$1 in upgrade_aquatic.mixins.json:BubbleColumnMixin
[06Feb2026 23:11:34.932] [main/DEBUG] [mixin/]: Mixing LanternBlockMixin from abnormals_core.mixins.json into net.minecraft.block.LanternBlock
[06Feb2026 23:11:34.943] [main/DEBUG] [mixin/]: Mixing CampfireBaleMixin from farmersdelight.mixins.json into net.minecraft.block.CampfireBlock
[06Feb2026 23:11:34.962] [main/DEBUG] [mixin/]: Mixing common.ComposterBlockMixin from backpacked.mixins.json into net.minecraft.block.ComposterBlock
[06Feb2026 23:11:34.975] [main/DEBUG] [mixin/]: Renaming synthetic method lambda$beforeCollect$1(Lnet/minecraft/entity/player/PlayerEntity;Lcom/mrcrayfish/backpacked/common/UnlockTracker;)V to md4fa1de$lambda$beforeCollect$1$0 in backpacked.mixins.json:common.ComposterBlockMixin
[06Feb2026 23:11:34.981] [main/DEBUG] [mixin/]: Renaming synthetic method lambda$null$0(Lnet/minecraft/entity/player/PlayerEntity;Lcom/mrcrayfish/backpacked/common/IProgressTracker;)V to md4fa1de$lambda$null$0$1 in backpacked.mixins.json:common.ComposterBlockMixin
[06Feb2026 23:11:34.992] [main/DEBUG] [net.minecraftforge.coremod.transformer.CoreModBaseTransformer/COREMOD]: Transforming func_225533_a_ with desc (Lnet/minecraft/block/BlockState;Lnet/minecraft/world/World;Lnet/minecraft/util/math/BlockPos;Lnet/minecraft/entity/player/PlayerEntity;Lnet/minecraft/util/Hand;Lnet/minecraft/util/math/BlockRayTraceResult;)Lnet/minecraft/util/ActionResultType;
[06Feb2026 23:11:34.997] [main/DEBUG] [mixin/]: Mixing common.BeehiveBlockMixin from backpacked.mixins.json into net.minecraft.block.BeehiveBlock
[06Feb2026 23:11:34.998] [main/DEBUG] [mixin/]: Renaming synthetic method lambda$onGatherHoneyBottle$1(Lnet/minecraft/entity/player/PlayerEntity;Lcom/mrcrayfish/backpacked/common/UnlockTracker;)V to md4fa1de$lambda$onGatherHoneyBottle$1$0 in backpacked.mixins.json:common.BeehiveBlockMixin
[06Feb2026 23:11:34.998] [main/DEBUG] [mixin/]: Renaming synthetic method lambda$null$0(Lnet/minecraft/entity/player/PlayerEntity;Lcom/mrcrayfish/backpacked/common/IProgressTracker;)V to md4fa1de$lambda$null$0$1 in backpacked.mixins.json:common.BeehiveBlockMixin
[06Feb2026 23:11:35.030] [main/DEBUG] [mixin/]: Mixing coremods.AbstractBlockStateMixin from immersiveengineering.mixins.json into net.minecraft.block.AbstractBlock$AbstractBlockState
[06Feb2026 23:11:35.042] [main/DEBUG] [mixin/]: Mixing EntityMixin from abnormals_core.mixins.json into net.minecraft.entity.Entity
[06Feb2026 23:11:35.043] [main/DEBUG] [mixin/]: Renaming synthetic method lambda$read$1(Lnet/minecraft/nbt/INBT;)V to md4fa1de$lambda$read$1$0 in abnormals_core.mixins.json:EntityMixin
[06Feb2026 23:11:35.043] [main/DEBUG] [mixin/]: Renaming synthetic method lambda$writeTrackedData$0(Lnet/minecraft/nbt/ListNBT;Lcom/minecraftabnormals/abnormals_core/common/world/storage/tracking/TrackedData;Lcom/minecraftabnormals/abnormals_core/common/world/storage/tracking/IDataManager$DataEntry;)V to md4fa1de$lambda$writeTrackedData$0$1 in abnormals_core.mixins.json:EntityMixin
[06Feb2026 23:11:35.095] [main/DEBUG] [mixin/]: Mixing EntityMixin from extraboats.mixins.json into net.minecraft.entity.Entity
[06Feb2026 23:11:35.096] [main/DEBUG] [mixin/]: Mixing common.EntityMixin from mts.mixins.json into net.minecraft.entity.Entity
[06Feb2026 23:11:35.139] [main/DEBUG] [mixin/]: Mixing EntityInvokerMixin from morph.mixins.json into net.minecraft.entity.Entity
[06Feb2026 23:11:35.139] [main/DEBUG] [mixin/]: Mixing EntityMixin from morph.mixins.json into net.minecraft.entity.Entity
[06Feb2026 23:11:35.143] [main/DEBUG] [mixin/]: Mixing EntityMixin from upgrade_aquatic.mixins.json into net.minecraft.entity.Entity
[06Feb2026 23:11:35.143] [main/DEBUG] [mixin/]: Mixing accessors.EntityAccess from immersiveengineering.mixins.json into net.minecraft.entity.Entity
[06Feb2026 23:11:35.178] [main/DEBUG] [mixin/]: Mixing LivingEntityMixin from environmental.mixins.json into net.minecraft.entity.LivingEntity
[06Feb2026 23:11:35.194] [main/DEBUG] [mixin/]: Mixing LivingEntityInvokerMixin from morph.mixins.json into net.minecraft.entity.LivingEntity
[06Feb2026 23:11:35.195] [main/DEBUG] [mixin/]: Mixing LivingEntityMixin from morph.mixins.json into net.minecraft.entity.LivingEntity
[06Feb2026 23:11:35.195] [main/DEBUG] [mixin/]: Mixing LivingEntityMixin from upgrade_aquatic.mixins.json into net.minecraft.entity.LivingEntity
[06Feb2026 23:11:35.196] [main/DEBUG] [mixin/]: Mixing LivingEntityMixin from personality.mixins.json into net.minecraft.entity.LivingEntity
[06Feb2026 23:11:35.281] [main/DEBUG] [mixin/]: Mixing ServerWorldMixin from abnormals_core.mixins.json into net.minecraft.world.server.ServerWorld
[06Feb2026 23:11:35.282] [main/DEBUG] [mixin/]: Mixing coremods.ServerWorldMixin from immersiveengineering.mixins.json into net.minecraft.world.server.ServerWorld
[06Feb2026 23:11:35.346] [main/DEBUG] [mixin/]: Mixing MixinItemGravity from boss_tools.mixin.json into net.minecraft.entity.item.ItemEntity
[06Feb2026 23:11:35.361] [main/DEBUG] [mixin/]: Mixing accessors.ItemEntityAccess from immersiveengineering.mixins.json into net.minecraft.entity.item.ItemEntity
[06Feb2026 23:11:35.371] [main/DEBUG] [mixin/]: Mixing PlayerEntityMixin from unionlib.mixins.json into net.minecraft.entity.player.PlayerEntity
[06Feb2026 23:11:35.383] [main/DEBUG] [mixin/]: Mixing PlayerEntityMixin from environmental.mixins.json into net.minecraft.entity.player.PlayerEntity
[06Feb2026 23:11:35.385] [main/DEBUG] [mixin/]: Mixing PlayerEntityMixin from morph.mixins.json into net.minecraft.entity.player.PlayerEntity
[06Feb2026 23:11:35.387] [main/DEBUG] [mixin/]: Mixing PlayerEntityMixin from personality.mixins.json into net.minecraft.entity.player.PlayerEntity
[06Feb2026 23:11:35.390] [main/DEBUG] [mixin/]: Mixing common.PlayerEntityMixin from backpacked.mixins.json into net.minecraft.entity.player.PlayerEntity
[06Feb2026 23:11:35.392] [main/DEBUG] [mixin/]: Renaming synthetic method lambda$onFallFlying$1(ILnet/minecraft/entity/player/PlayerEntity;Lcom/mrcrayfish/backpacked/common/UnlockTracker;)V to md4fa1de$lambda$onFallFlying$1$0 in backpacked.mixins.json:common.PlayerEntityMixin
[06Feb2026 23:11:35.392] [main/DEBUG] [mixin/]: Renaming synthetic method lambda$null$0(ILnet/minecraft/entity/player/PlayerEntity;Lcom/mrcrayfish/backpacked/common/IProgressTracker;)V to md4fa1de$lambda$null$0$1 in backpacked.mixins.json:common.PlayerEntityMixin
[06Feb2026 23:11:35.420] [main/DEBUG] [mixin/]: Mixing PlayerEntityMixin from survive.mixins.json into net.minecraft.entity.player.PlayerEntity
[06Feb2026 23:11:35.712] [main/DEBUG] [mixin/]: Mixing ChunkGeneratorAccessor from yungsapi.mixins.json into net.minecraft.world.gen.ChunkGenerator
[06Feb2026 23:11:36.373] [main/DEBUG] [mixin/]: Mixing accessors.FlowingFluidAccess from immersiveengineering.mixins.json into net.minecraft.fluid.FlowingFluid
[06Feb2026 23:11:36.384] [main/DEBUG] [mixin/]: Mixing FluidTagsAccessor from architectury-common.mixins.json into net.minecraft.tags.FluidTags
[06Feb2026 23:11:36.385] [main/DEBUG] [mixin/]: Renaming @Accessor method getHelper()Lnet/minecraft/tags/TagRegistry; to getHelper_$md$4fa1de$0 in architectury-common.mixins.json:FluidTagsAccessor
[06Feb2026 23:11:36.463] [main/DEBUG] [mixin/]: Mixing accessors.TileEntityAccess from immersiveengineering.mixins.json into net.minecraft.tileentity.TileEntity
[06Feb2026 23:11:36.463] [main/DEBUG] [mixin/]: Mixing MixinBlockEntity from architectury.mixins.json into net.minecraft.tileentity.TileEntity
[06Feb2026 23:11:36.477] [main/DEBUG] [mixin/]: Mixing common.LockableLootTileEntityMixin from backpacked.mixins.json into net.minecraft.tileentity.LockableLootTileEntity
[06Feb2026 23:11:36.479] [main/DEBUG] [mixin/]: Renaming synthetic method lambda$onGenerateLoot$1(Lnet/minecraft/entity/player/PlayerEntity;Lcom/mrcrayfish/backpacked/common/UnlockTracker;)V to md4fa1de$lambda$onGenerateLoot$1$0 in backpacked.mixins.json:common.LockableLootTileEntityMixin
[06Feb2026 23:11:36.479] [main/DEBUG] [mixin/]: Renaming synthetic method lambda$null$0(Lnet/minecraft/entity/player/PlayerEntity;Lcom/mrcrayfish/backpacked/common/IProgressTracker;)V to md4fa1de$lambda$null$0$1 in backpacked.mixins.json:common.LockableLootTileEntityMixin
[06Feb2026 23:11:36.805] [main/DEBUG] [mixin/]: Mixing accessors.TNTEntityAccess from immersiveengineering.mixins.json into net.minecraft.entity.item.TNTEntity
[06Feb2026 23:11:37.034] [main/DEBUG] [mixin/]: Mixing accessors.ContainerAccess from immersiveengineering.mixins.json into net.minecraft.inventory.container.Container
[06Feb2026 23:11:37.044] [main/DEBUG] [mixin/]: Mixing accessors.FurnaceTEAccess from immersiveengineering.mixins.json into net.minecraft.tileentity.AbstractFurnaceTileEntity
[06Feb2026 23:11:37.052] [main/DEBUG] [mixin/]: Mixing SignTileEntityMixin from upgrade_aquatic.mixins.json into net.minecraft.tileentity.SignTileEntity
[06Feb2026 23:11:37.104] [main/DEBUG] [net.minecraftforge.coremod.transformer.CoreModBaseTransformer/COREMOD]: Transforming func_230254_b_ with desc (Lnet/minecraft/entity/player/PlayerEntity;Lnet/minecraft/util/Hand;)Lnet/minecraft/util/ActionResultType;
[06Feb2026 23:11:37.120] [main/DEBUG] [mixin/]: Mixing MobEntityMixin from environmental.mixins.json into net.minecraft.entity.MobEntity
[06Feb2026 23:11:37.133] [main/DEBUG] [net.minecraftforge.coremod.transformer.CoreModBaseTransformer/COREMOD]: Transforming net/minecraft/world/gen/feature/structure/StructureStart
[06Feb2026 23:11:37.164] [main/DEBUG] [mixin/]: Mixing MobAccessor from betteranimalsplus.mixins.json into net.minecraft.entity.MobEntity
[06Feb2026 23:11:37.785] [main/DEBUG] [net.minecraftforge.coremod.transformer.CoreModBaseTransformer/COREMOD]: Transforming func_82846_b with desc (Lnet/minecraft/entity/player/PlayerEntity;I)Lnet/minecraft/item/ItemStack;
[06Feb2026 23:11:38.188] [main/DEBUG] [mixin/]: Mixing LakesFeatureMixin from autumnity.mixins.json into net.minecraft.world.gen.feature.LakesFeature
[06Feb2026 23:11:39.536] [main/DEBUG] [mixin/]: Mixing BoatEntityMixin from extraboats.mixins.json into net.minecraft.entity.item.BoatEntity
[06Feb2026 23:11:39.585] [main/DEBUG] [mixin/]: Mixing ChickenEntityMixin from environmental.mixins.json into net.minecraft.entity.passive.ChickenEntity
[06Feb2026 23:11:39.587] [main/DEBUG] [mixin/]: Mixing accessors.ChickenEntityAccessor from farmersdelight.mixins.json into net.minecraft.entity.passive.ChickenEntity
[06Feb2026 23:11:39.588] [main/DEBUG] [mixin/]: Renaming @Accessor method setFoodItems(Lnet/minecraft/item/crafting/Ingredient;)V to setFoodItems_$md$4fa1de$0 in farmersdelight.mixins.json:accessors.ChickenEntityAccessor
[06Feb2026 23:11:39.588] [main/DEBUG] [mixin/]: Renaming @Accessor method getFoodItems()Lnet/minecraft/item/crafting/Ingredient; to getFoodItems_$md$4fa1de$1 in farmersdelight.mixins.json:accessors.ChickenEntityAccessor
[06Feb2026 23:11:39.637] [main/DEBUG] [mixin/]: Mixing AbstractHorseEntityInvokerMixin from morph.mixins.json into net.minecraft.entity.passive.horse.AbstractHorseEntity
[06Feb2026 23:11:39.875] [main/DEBUG] [net.minecraftforge.coremod.transformer.CoreModBaseTransformer/COREMOD]: Transforming func_82840_a with desc (Lnet/minecraft/entity/player/PlayerEntity;Lnet/minecraft/client/util/ITooltipFlag;)Ljava/util/List;
[06Feb2026 23:11:39.911] [main/DEBUG] [net.minecraftforge.coremod.transformer.CoreModBaseTransformer/COREMOD]: Transforming net/minecraft/item/ItemStack
[06Feb2026 23:11:39.914] [main/DEBUG] [net.minecraftforge.coremod.transformer.CoreModBaseTransformer/COREMOD]: Transforming net/minecraft/item/ItemStack
[06Feb2026 23:11:39.926] [main/DEBUG] [net.minecraftforge.coremod.transformer.CoreModBaseTransformer/COREMOD]: Transforming func_110131_b with desc (Lnet/minecraft/item/ItemStack;)V
[06Feb2026 23:11:39.933] [main/DEBUG] [mixin/]: Mixing MixinLightningBolt from architectury-common.mixins.json into net.minecraft.entity.effect.LightningBoltEntity
[06Feb2026 23:11:39.948] [main/DEBUG] [mixin/]: Mixing LlamaEntityInvokerMixin from morph.mixins.json into net.minecraft.entity.passive.horse.LlamaEntity
[06Feb2026 23:11:40.022] [main/DEBUG] [net.minecraftforge.coremod.transformer.CoreModBaseTransformer/COREMOD]: Transforming func_230254_b_ with desc (Lnet/minecraft/entity/player/PlayerEntity;Lnet/minecraft/util/Hand;)Lnet/minecraft/util/ActionResultType;
[06Feb2026 23:11:40.037] [main/DEBUG] [mixin/]: Mixing common.PandaEntityMixin from backpacked.mixins.json into net.minecraft.entity.passive.PandaEntity
[06Feb2026 23:11:40.037] [main/DEBUG] [mixin/]: Renaming synthetic method lambda$onFeedPanda$1(Lnet/minecraft/entity/player/PlayerEntity;Lcom/mrcrayfish/backpacked/common/UnlockTracker;)V to md4fa1de$lambda$onFeedPanda$1$0 in backpacked.mixins.json:common.PandaEntityMixin
[06Feb2026 23:11:40.037] [main/DEBUG] [mixin/]: Renaming synthetic method lambda$null$0(Lnet/minecraft/entity/player/PlayerEntity;Lcom/mrcrayfish/backpacked/common/IProgressTracker;)V to md4fa1de$lambda$null$0$1 in backpacked.mixins.json:common.PandaEntityMixin
[06Feb2026 23:11:40.075] [main/DEBUG] [mixin/]: Mixing PigEntityMixin from environmental.mixins.json into net.minecraft.entity.passive.PigEntity
[06Feb2026 23:11:40.076] [main/DEBUG] [mixin/]: Mixing accessors.PigEntityAccessor from farmersdelight.mixins.json into net.minecraft.entity.passive.PigEntity
[06Feb2026 23:11:40.076] [main/DEBUG] [mixin/]: Renaming @Accessor method setFoodItems(Lnet/minecraft/item/crafting/Ingredient;)V to setFoodItems_$md$4fa1de$0 in farmersdelight.mixins.json:accessors.PigEntityAccessor
[06Feb2026 23:11:40.076] [main/DEBUG] [mixin/]: Renaming @Accessor method getFoodItems()Lnet/minecraft/item/crafting/Ingredient; to getFoodItems_$md$4fa1de$1 in farmersdelight.mixins.json:accessors.PigEntityAccessor
[06Feb2026 23:11:40.084] [main/DEBUG] [net.minecraftforge.coremod.transformer.CoreModBaseTransformer/COREMOD]: Transforming func_230280_a_ with desc (Lnet/minecraft/item/ShootableItem;)Z
[06Feb2026 23:11:40.084] [main/DEBUG] [net.minecraftforge.coremod.transformer.CoreModBaseTransformer/COREMOD]: Transforming func_208003_a with desc (Lnet/minecraft/item/ItemStack;Lnet/minecraft/item/ItemStack;)Z
[06Feb2026 23:11:40.092] [main/DEBUG] [net.minecraftforge.coremod.transformer.CoreModBaseTransformer/COREMOD]: Transforming func_230280_a_ with desc (Lnet/minecraft/item/ShootableItem;)Z
[06Feb2026 23:11:40.093] [main/DEBUG] [net.minecraftforge.coremod.transformer.CoreModBaseTransformer/COREMOD]: Transforming func_241844_w with desc (F)V
[06Feb2026 23:11:40.121] [main/DEBUG] [net.minecraftforge.coremod.transformer.CoreModBaseTransformer/COREMOD]: Transforming func_230254_b_ with desc (Lnet/minecraft/entity/player/PlayerEntity;Lnet/minecraft/util/Hand;)Lnet/minecraft/util/ActionResultType;
[06Feb2026 23:11:40.121] [main/DEBUG] [mixin/]: Mixing common.SheepEntityMixin from backpacked.mixins.json into net.minecraft.entity.passive.SheepEntity
[06Feb2026 23:11:40.122] [main/DEBUG] [mixin/]: Renaming synthetic method lambda$trackShearProgress$1(Lnet/minecraft/entity/player/PlayerEntity;Lcom/mrcrayfish/backpacked/common/UnlockTracker;)V to md4fa1de$lambda$trackShearProgress$1$0 in backpacked.mixins.json:common.SheepEntityMixin
[06Feb2026 23:11:40.122] [main/DEBUG] [mixin/]: Renaming synthetic method lambda$null$0(Lnet/minecraft/entity/player/PlayerEntity;Lcom/mrcrayfish/backpacked/common/IProgressTracker;)V to md4fa1de$lambda$null$0$1 in backpacked.mixins.json:common.SheepEntityMixin
[06Feb2026 23:11:40.138] [main/DEBUG] [net.minecraftforge.coremod.transformer.CoreModBaseTransformer/COREMOD]: Transforming func_85036_m with desc ()V
[06Feb2026 23:11:40.141] [main/DEBUG] [net.minecraftforge.coremod.transformer.CoreModBaseTransformer/COREMOD]: Transforming func_230280_a_ with desc (Lnet/minecraft/item/ShootableItem;)Z
[06Feb2026 23:11:40.141] [main/DEBUG] [mixin/]: Mixing AbstractSkeletonEntityMixin from environmental.mixins.json into net.minecraft.entity.monster.AbstractSkeletonEntity
[06Feb2026 23:11:40.164] [main/DEBUG] [mixin/]: Mixing SquidEntityMixin from upgrade_aquatic.mixins.json into net.minecraft.entity.passive.SquidEntity
[06Feb2026 23:11:40.165] [main/DEBUG] [net.minecraftforge.coremod.transformer.CoreModBaseTransformer/COREMOD]: Transforming net/minecraft/potion/EffectInstance
[06Feb2026 23:11:40.224] [main/DEBUG] [mixin/]: Mixing VillagerMixin from architectury-common.mixins.json into net.minecraft.entity.merchant.villager.VillagerEntity
[06Feb2026 23:11:40.282] [main/DEBUG] [mixin/]: Mixing AbstractVillagerEntityMixin from survive.mixins.json into net.minecraft.entity.merchant.villager.AbstractVillagerEntity
[06Feb2026 23:11:40.283] [main/DEBUG] [mixin/]: Renaming synthetic method lambda$registerGoals$0(Lnet/minecraft/entity/LivingEntity;)Z to md4fa1de$lambda$registerGoals$0$0 in survive.mixins.json:AbstractVillagerEntityMixin
[06Feb2026 23:11:40.288] [main/DEBUG] [mixin/]: Mixing AbstractVillagerMixin from architectury-common.mixins.json into net.minecraft.entity.merchant.villager.AbstractVillagerEntity
[06Feb2026 23:11:40.314] [main/DEBUG] [mixin/]: Mixing WanderingTraderMixin from architectury-common.mixins.json into net.minecraft.entity.merchant.villager.WanderingTraderEntity
[06Feb2026 23:11:40.331] [main/DEBUG] [mixin/]: Mixing WitherSkeletonEntityMixin from environmental.mixins.json into net.minecraft.entity.monster.WitherSkeletonEntity
[06Feb2026 23:11:41.400] [main/DEBUG] [mixin/]: Mixing MixinWorldEvent from architectury.mixins.json into net.minecraftforge.event.world.WorldEvent
[06Feb2026 23:11:41.493] [main/DEBUG] [net.minecraftforge.coremod.transformer.CoreModBaseTransformer/COREMOD]: Transforming net/minecraft/world/gen/feature/structure/StructureStart
[06Feb2026 23:11:41.582] [main/DEBUG] [mixin/]: Mixing accessors.SingleJigsawAccess from immersiveengineering.mixins.json into net.minecraft.world.gen.feature.jigsaw.LegacySingleJigsawPiece
[06Feb2026 23:11:41.585] [main/DEBUG] [mixin/]: Renaming @Invoker method construct(Lcom/mojang/datafixers/util/Either;Ljava/util/function/Supplier;Lnet/minecraft/world/gen/feature/jigsaw/JigsawPattern$PlacementBehaviour;)Lnet/minecraft/world/gen/feature/jigsaw/LegacySingleJigsawPiece; to construct_$md$4fa1de$0 in immersiveengineering.mixins.json:accessors.SingleJigsawAccess
[06Feb2026 23:11:41.637] [main/DEBUG] [mixin/]: Mixing MobSpawnSettingsBuilderAccessor from architectury.mixins.json into net.minecraft.world.biome.MobSpawnInfo$Builder
[06Feb2026 23:11:41.642] [main/DEBUG] [mixin/]: Mixing BiomeGenerationSettingsBuilderAccessor from architectury.mixins.json into net.minecraft.world.biome.BiomeGenerationSettings$Builder
[06Feb2026 23:11:41.674] [main/DEBUG] [mixin/]: Mixing SpawnSettingsAccessor from mixin.imdlib-betteranimalsplus.json into net.minecraft.world.biome.MobSpawnInfo
[06Feb2026 23:11:41.882] [main/DEBUG] [net.minecraftforge.coremod.transformer.CoreModBaseTransformer/COREMOD]: Transforming func_92089_a with desc (Lnet/minecraft/item/ItemStack;)Z
[06Feb2026 23:11:41.945] [main/DEBUG] [mixin/]: Mixing HoeItemMixin from environmental.mixins.json into net.minecraft.item.HoeItem
[06Feb2026 23:11:41.950] [main/DEBUG] [mixin/]: Mixing SoupItemMixin from farmersdelight.mixins.json into net.minecraft.item.SoupItem
[06Feb2026 23:11:41.988] [main/DEBUG] [net.minecraftforge.coremod.transformer.CoreModBaseTransformer/COREMOD]: Transforming net/minecraft/item/BucketItem
[06Feb2026 23:11:41.998] [main/DEBUG] [net.minecraftforge.coremod.transformer.CoreModBaseTransformer/COREMOD]: Transforming net/minecraft/item/FishBucketItem
[06Feb2026 23:11:42.013] [main/DEBUG] [mixin/]: Mixing SpawnEggItemMixin from abnormals_core.mixins.json into net.minecraft.item.SpawnEggItem
[06Feb2026 23:11:42.048] [main/DEBUG] [net.minecraftforge.coremod.transformer.CoreModBaseTransformer/COREMOD]: Transforming func_220013_l with desc (Lnet/minecraft/item/ItemStack;)F
[06Feb2026 23:11:42.154] [main/DEBUG] [net.minecraftforge.coremod.transformer.CoreModBaseTransformer/COREMOD]: Transforming net/minecraft/potion/EffectInstance
[06Feb2026 23:11:42.175] [main/DEBUG] [net.minecraftforge.coremod.transformer.CoreModBaseTransformer/COREMOD]: Transforming func_234600_a_ with desc (Lnet/minecraft/entity/player/PlayerEntity;)Z
[06Feb2026 23:11:42.289] [main/DEBUG] [mixin/]: Mixing SlotAccessor from betteranimalsplus.mixins.json into net.minecraft.inventory.container.Slot
[06Feb2026 23:11:42.289] [main/DEBUG] [mixin/]: Mixing common.SlotMixin from backpacked.mixins.json into net.minecraft.inventory.container.Slot
[06Feb2026 23:11:42.299] [main/DEBUG] [net.minecraftforge.coremod.transformer.CoreModBaseTransformer/COREMOD]: Transforming net/minecraft/inventory/container/CraftingResultSlot
[06Feb2026 23:11:42.346] [main/DEBUG] [net.minecraftforge.coremod.transformer.CoreModBaseTransformer/COREMOD]: Transforming func_75214_a with desc (Lnet/minecraft/item/ItemStack;)Z
[06Feb2026 23:11:42.707] [main/DEBUG] [mixin/]: Mixing NetherBiomeProviderPresetMixin from abnormals_core.mixins.json into net.minecraft.world.biome.provider.NetherBiomeProvider$Preset
[06Feb2026 23:11:42.713] [main/DEBUG] [mixin/]: ArgsClassGenerator assigning org.spongepowered.asm.synthetic.args.Args$1 for descriptor (JLjava/util/List;Ljava/util/Optional;Lnet/minecraft/world/biome/provider/NetherBiomeProvider$1;)V
[06Feb2026 23:11:42.722] [main/DEBUG] [mixin/]: Mixing EndBiomeProviderMixin from abnormals_core.mixins.json into net.minecraft.world.biome.provider.EndBiomeProvider
[06Feb2026 23:11:42.723] [main/DEBUG] [mixin/]: Renaming synthetic method lambda$init$0(JJ)Lnet/minecraft/world/gen/LazyAreaLayerContext; to md4fa1de$lambda$init$0$0 in abnormals_core.mixins.json:EndBiomeProviderMixin
[06Feb2026 23:11:42.768] [main/DEBUG] [mixin/]: Mixing accessors.PotionBrewingAccess from immersiveengineering.mixins.json into net.minecraft.potion.PotionBrewing
[06Feb2026 23:11:42.769] [main/DEBUG] [mixin/]: Renaming @Accessor method getConversions()Ljava/util/List; to getConversions_$md$4fa1de$0 in immersiveengineering.mixins.json:accessors.PotionBrewingAccess
[06Feb2026 23:11:42.776] [main/DEBUG] [mixin/]: Mixing accessors.MixPredicateAccess from immersiveengineering.mixins.json into net.minecraft.potion.PotionBrewing$MixPredicate
[06Feb2026 23:11:43.046] [main/DEBUG] [net.minecraftforge.fml.ForgeI18n/CORE]: Loading I18N data entries: 4980
[06Feb2026 23:11:43.476] [main/DEBUG] [net.minecraftforge.fml.ModLoader/CORE]: Loading Network data for FML net version: FML2
[06Feb2026 23:11:43.480] [main/DEBUG] [net.minecraftforge.fml.ModWorkManager/LOADING]: Using 48 threads for parallel mod-loading
